timestamp,figure_id,figure_name,experiment_type,fixed_M,fixed_N_RF,fixed_N,fixed_d,fixed_SNR_dB,sweep_variable,sweep_value,truth_model,N_MC,r_RD_m,method,input_data,NMSE_dB_mean,NMSE_dB_std,RMSE_theta_deg_mean,RMSE_r_m_mean,fail_rate_pct,runtime_s,clkl_avg_iters,clkl_conv_pct,clkl_N0_mean,CRB_theta_deg,CRB_r_m,CRB_theta_full_deg,CRB_r_full_m,notes
2026-04-19 16:23:53,Fig3,NMSE_vs_NRF,compression_sweep,64,4,64,3,10,N_RF,4,exact_USW,400,21.2625,CL-KL,R_hat,-0.153451,2.21119,10.0387,15.8375,99.25,NaN,54.705,84.25,0.0924831,NaN,NaN,NaN,NaN,NaN
2026-04-19 16:23:53,Fig3,NMSE_vs_NRF,compression_sweep,64,4,64,3,10,N_RF,4,exact_USW,400,21.2625,P-SOMP,R_hat,-0.000288399,1.5241,11.1002,7.90207,97.25,NaN,NaN,NaN,NaN,NaN,NaN,NaN,NaN,NaN
2026-04-19 16:23:53,Fig3,NMSE_vs_NRF,compression_sweep,64,4,64,3,10,N_RF,4,exact_USW,400,21.2625,DL-OMP,X,-1.44621,4.09574,4.71248,4.8936,51.25,NaN,NaN,NaN,NaN,NaN,NaN,NaN,NaN,NaN
2026-04-19 16:23:53,Fig3,NMSE_vs_NRF,compression_sweep,64,4,64,3,10,N_RF,4,exact_USW,400,21.2625,MUSIC+Tri,X,0.532553,3.82088,5.47547,5.17683,53,NaN,NaN,NaN,NaN,NaN,NaN,NaN,NaN,NaN
2026-04-19 16:23:53,Fig3,NMSE_vs_NRF,compression_sweep,64,4,64,3,10,N_RF,4,exact_USW,400,21.2625,DFrFT-NOMP,X,4.15996,2.65931,10.7736,7.27923,95.75,NaN,NaN,NaN,NaN,NaN,NaN,NaN,NaN,NaN
2026-04-19 16:23:53,Fig3,NMSE_vs_NRF,compression_sweep,64,4,64,3,10,N_RF,4,exact_USW,400,21.2625,BF-SOMP,X,0.434121,1.40803,11.6369,7.78948,96.5,NaN,NaN,NaN,NaN,NaN,NaN,NaN,NaN,NaN
2026-04-19 16:24:04,Fig3,NMSE_vs_NRF,compression_sweep,64,8,64,3,10,N_RF,8,exact_USW,400,21.2625,CL-KL,R_hat,-5.07315,3.16534,7.37867,16.9013,97.5,NaN,126.588,21.75,0.0946939,NaN,NaN,NaN,NaN,NaN
2026-04-19 16:24:04,Fig3,NMSE_vs_NRF,compression_sweep,64,8,64,3,10,N_RF,8,exact_USW,400,21.2625,P-SOMP,R_hat,-4.21589,3.12674,7.83859,7.27295,93.25,NaN,NaN,NaN,NaN,NaN,NaN,NaN,NaN,NaN
2026-04-19 16:24:04,Fig3,NMSE_vs_NRF,compression_sweep,64,8,64,3,10,N_RF,8,exact_USW,400,21.2625,DL-OMP,X,-4.79469,3.68356,4.97751,4.76865,53.75,NaN,NaN,NaN,NaN,NaN,NaN,NaN,NaN,NaN
2026-04-19 16:24:04,Fig3,NMSE_vs_NRF,compression_sweep,64,8,64,3,10,N_RF,8,exact_USW,400,21.2625,MUSIC+Tri,X,-3.11123,3.01637,5.06452,4.96804,50.25,NaN,NaN,NaN,NaN,NaN,NaN,NaN,NaN,NaN
2026-04-19 16:24:04,Fig3,NMSE_vs_NRF,compression_sweep,64,8,64,3,10,N_RF,8,exact_USW,400,21.2625,DFrFT-NOMP,X,0.914672,1.44136,10.2526,7.33163,96.25,NaN,NaN,NaN,NaN,NaN,NaN,NaN,NaN,NaN
2026-04-19 16:24:04,Fig3,NMSE_vs_NRF,compression_sweep,64,8,64,3,10,N_RF,8,exact_USW,400,21.2625,BF-SOMP,X,-1.80136,2.33955,10.0912,7.764,95.5,NaN,NaN,NaN,NaN,NaN,NaN,NaN,NaN,NaN
2026-04-19 16:24:12,Fig3,NMSE_vs_NRF,compression_sweep,64,12,64,3,10,N_RF,12,exact_USW,400,21.2625,CL-KL,R_hat,-8.51887,2.98336,4.66446,15.7821,95.75,NaN,140.24,8.5,0.0946577,NaN,NaN,NaN,NaN,NaN
2026-04-19 16:24:12,Fig3,NMSE_vs_NRF,compression_sweep,64,12,64,3,10,N_RF,12,exact_USW,400,21.2625,P-SOMP,R_hat,-7.83546,3.05789,4.83338,6.5184,84,NaN,NaN,NaN,NaN,NaN,NaN,NaN,NaN,NaN
2026-04-19 16:24:12,Fig3,NMSE_vs_NRF,compression_sweep,64,12,64,3,10,N_RF,12,exact_USW,400,21.2625,DL-OMP,X,-5.94594,3.99324,4.88751,4.81225,54.25,NaN,NaN,NaN,NaN,NaN,NaN,NaN,NaN,NaN
2026-04-19 16:24:12,Fig3,NMSE_vs_NRF,compression_sweep,64,12,64,3,10,N_RF,12,exact_USW,400,21.2625,MUSIC+Tri,X,-3.95291,2.99438,5.48722,5.04542,52.5,NaN,NaN,NaN,NaN,NaN,NaN,NaN,NaN,NaN
2026-04-19 16:24:12,Fig3,NMSE_vs_NRF,compression_sweep,64,12,64,3,10,N_RF,12,exact_USW,400,21.2625,DFrFT-NOMP,X,0.120588,1.11113,10.4845,7.41447,95.25,NaN,NaN,NaN,NaN,NaN,NaN,NaN,NaN,NaN
2026-04-19 16:24:12,Fig3,NMSE_vs_NRF,compression_sweep,64,12,64,3,10,N_RF,12,exact_USW,400,21.2625,BF-SOMP,X,-4.18227,3.21507,8.41105,7.00551,91,NaN,NaN,NaN,NaN,NaN,NaN,NaN,NaN,NaN
2026-04-19 16:24:29,Fig3,NMSE_vs_NRF,compression_sweep,64,16,64,3,10,N_RF,16,exact_USW,400,21.2625,CL-KL,R_hat,-10.0832,2.84961,4.49482,14.6583,90.5,NaN,146.322,3.75,0.0948483,NaN,NaN,NaN,NaN,NaN
2026-04-19 16:24:29,Fig3,NMSE_vs_NRF,compression_sweep,64,16,64,3,10,N_RF,16,exact_USW,400,21.2625,P-SOMP,R_hat,-9.76226,2.62196,4.211,6.03668,78,NaN,NaN,NaN,NaN,NaN,NaN,NaN,NaN,NaN
2026-04-19 16:24:29,Fig3,NMSE_vs_NRF,compression_sweep,64,16,64,3,10,N_RF,16,exact_USW,400,21.2625,DL-OMP,X,-6.64842,4.28973,4.49821,4.7345,49.25,NaN,NaN,NaN,NaN,NaN,NaN,NaN,NaN,NaN
2026-04-19 16:24:29,Fig3,NMSE_vs_NRF,compression_sweep,64,16,64,3,10,N_RF,16,exact_USW,400,21.2625,MUSIC+Tri,X,-4.5601,3.19301,5.76657,5.50981,57,NaN,NaN,NaN,NaN,NaN,NaN,NaN,NaN,NaN
2026-04-19 16:24:29,Fig3,NMSE_vs_NRF,compression_sweep,64,16,64,3,10,N_RF,16,exact_USW,400,21.2625,DFrFT-NOMP,X,-0.303398,1.05466,10.5432,7.22437,96.5,NaN,NaN,NaN,NaN,NaN,NaN,NaN,NaN,NaN
2026-04-19 16:24:29,Fig3,NMSE_vs_NRF,compression_sweep,64,16,64,3,10,N_RF,16,exact_USW,400,21.2625,BF-SOMP,X,-6.05417,3.59603,6.46466,7.03164,89.5,NaN,NaN,NaN,NaN,NaN,NaN,NaN,NaN,NaN
2026-04-19 16:24:41,Fig4,NMSE_vs_N,snapshot_sweep,64,8,16,3,10,N,16,exact_USW,400,21.2625,CL-KL,R_hat,-4.61782,2.89524,7.69397,16.912,98,NaN,128.213,20,0.079821,NaN,NaN,NaN,NaN,NaN
2026-04-19 16:24:41,Fig4,NMSE_vs_N,snapshot_sweep,64,8,16,3,10,N,16,exact_USW,400,21.2625,P-SOMP,R_hat,-3.99539,2.922,8.18107,7.40747,92,NaN,NaN,NaN,NaN,NaN,NaN,NaN,NaN,NaN
2026-04-19 16:24:41,Fig4,NMSE_vs_N,snapshot_sweep,64,8,16,3,10,N,16,exact_USW,400,21.2625,DL-OMP,X,-4.90634,3.73964,5.62842,5.36067,60.25,NaN,NaN,NaN,NaN,NaN,NaN,NaN,NaN,NaN
2026-04-19 16:24:41,Fig4,NMSE_vs_N,snapshot_sweep,64,8,16,3,10,N,16,exact_USW,400,21.2625,MUSIC+Tri,X,-2.06782,2.81322,8.93126,7.21445,78,NaN,NaN,NaN,NaN,NaN,NaN,NaN,NaN,NaN
2026-04-19 16:24:41,Fig4,NMSE_vs_N,snapshot_sweep,64,8,16,3,10,N,16,exact_USW,400,21.2625,DFrFT-NOMP,X,0.945558,1.51709,10.5361,7.59793,95.5,NaN,NaN,NaN,NaN,NaN,NaN,NaN,NaN,NaN
2026-04-19 16:24:41,Fig4,NMSE_vs_N,snapshot_sweep,64,8,16,3,10,N,16,exact_USW,400,21.2625,BF-SOMP,X,-1.7883,2.31825,10.5546,7.63184,94.5,NaN,NaN,NaN,NaN,NaN,NaN,NaN,NaN,NaN
2026-04-19 16:24:53,Fig4,NMSE_vs_N,snapshot_sweep,64,8,32,3,10,N,32,exact_USW,400,21.2625,CL-KL,R_hat,-4.83667,2.97943,7.40843,16.8849,97.5,NaN,125.095,22,0.089537,NaN,NaN,NaN,NaN,NaN
2026-04-19 16:24:53,Fig4,NMSE_vs_N,snapshot_sweep,64,8,32,3,10,N,32,exact_USW,400,21.2625,P-SOMP,R_hat,-3.65518,2.81674,8.13384,7.22933,92,NaN,NaN,NaN,NaN,NaN,NaN,NaN,NaN,NaN
2026-04-19 16:24:53,Fig4,NMSE_vs_N,snapshot_sweep,64,8,32,3,10,N,32,exact_USW,400,21.2625,DL-OMP,X,-4.67471,3.70357,5.21459,5.17786,56.25,NaN,NaN,NaN,NaN,NaN,NaN,NaN,NaN,NaN
2026-04-19 16:24:53,Fig4,NMSE_vs_N,snapshot_sweep,64,8,32,3,10,N,32,exact_USW,400,21.2625,MUSIC+Tri,X,-2.32616,2.84307,6.7371,6.05432,64,NaN,NaN,NaN,NaN,NaN,NaN,NaN,NaN,NaN
2026-04-19 16:24:53,Fig4,NMSE_vs_N,snapshot_sweep,64,8,32,3,10,N,32,exact_USW,400,21.2625,DFrFT-NOMP,X,1.06705,1.28562,10.457,7.41769,94.25,NaN,NaN,NaN,NaN,NaN,NaN,NaN,NaN,NaN
2026-04-19 16:24:53,Fig4,NMSE_vs_N,snapshot_sweep,64,8,32,3,10,N,32,exact_USW,400,21.2625,BF-SOMP,X,-1.69068,2.50637,9.82467,7.57429,95.25,NaN,NaN,NaN,NaN,NaN,NaN,NaN,NaN,NaN
2026-04-19 16:25:05,Fig4,NMSE_vs_N,snapshot_sweep,64,8,64,3,10,N,64,exact_USW,400,21.2625,CL-KL,R_hat,-5.37869,3.14814,6.70923,16.4957,95.5,NaN,130.075,17.5,0.0948102,NaN,NaN,NaN,NaN,NaN
2026-04-19 16:25:05,Fig4,NMSE_vs_N,snapshot_sweep,64,8,64,3,10,N,64,exact_USW,400,21.2625,P-SOMP,R_hat,-3.97397,2.87735,7.81506,7.20167,89.25,NaN,NaN,NaN,NaN,NaN,NaN,NaN,NaN,NaN
2026-04-19 16:25:05,Fig4,NMSE_vs_N,snapshot_sweep,64,8,64,3,10,N,64,exact_USW,400,21.2625,DL-OMP,X,-4.96315,3.8033,4.64375,4.7782,51,NaN,NaN,NaN,NaN,NaN,NaN,NaN,NaN,NaN
2026-04-19 16:25:05,Fig4,NMSE_vs_N,snapshot_sweep,64,8,64,3,10,N,64,exact_USW,400,21.2625,MUSIC+Tri,X,-3.11839,3.02569,5.72275,5.02449,48.25,NaN,NaN,NaN,NaN,NaN,NaN,NaN,NaN,NaN
2026-04-19 16:25:05,Fig4,NMSE_vs_N,snapshot_sweep,64,8,64,3,10,N,64,exact_USW,400,21.2625,DFrFT-NOMP,X,0.976829,1.34993,10.4506,7.18877,95.75,NaN,NaN,NaN,NaN,NaN,NaN,NaN,NaN,NaN
2026-04-19 16:25:05,Fig4,NMSE_vs_N,snapshot_sweep,64,8,64,3,10,N,64,exact_USW,400,21.2625,BF-SOMP,X,-1.85627,2.42141,10.1249,7.31486,95.5,NaN,NaN,NaN,NaN,NaN,NaN,NaN,NaN,NaN
2026-04-19 16:25:16,Fig4,NMSE_vs_N,snapshot_sweep,64,8,128,3,10,N,128,exact_USW,400,21.2625,CL-KL,R_hat,-4.93753,3.0104,7.02347,16.4003,97,NaN,125.088,22,0.0973182,NaN,NaN,NaN,NaN,NaN
2026-04-19 16:25:16,Fig4,NMSE_vs_N,snapshot_sweep,64,8,128,3,10,N,128,exact_USW,400,21.2625,P-SOMP,R_hat,-4.01968,2.97549,7.95923,7.46222,92,NaN,NaN,NaN,NaN,NaN,NaN,NaN,NaN,NaN
2026-04-19 16:25:16,Fig4,NMSE_vs_N,snapshot_sweep,64,8,128,3,10,N,128,exact_USW,400,21.2625,DL-OMP,X,-4.86978,3.80567,4.51962,4.41591,47,NaN,NaN,NaN,NaN,NaN,NaN,NaN,NaN,NaN
2026-04-19 16:25:16,Fig4,NMSE_vs_N,snapshot_sweep,64,8,128,3,10,N,128,exact_USW,400,21.2625,MUSIC+Tri,X,-3.22279,2.97064,5.31491,4.49918,46.75,NaN,NaN,NaN,NaN,NaN,NaN,NaN,NaN,NaN
2026-04-19 16:25:16,Fig4,NMSE_vs_N,snapshot_sweep,64,8,128,3,10,N,128,exact_USW,400,21.2625,DFrFT-NOMP,X,0.831385,1.37672,10.343,7.4511,96.75,NaN,NaN,NaN,NaN,NaN,NaN,NaN,NaN,NaN
2026-04-19 16:25:16,Fig4,NMSE_vs_N,snapshot_sweep,64,8,128,3,10,N,128,exact_USW,400,21.2625,BF-SOMP,X,-1.81174,2.33358,9.9967,7.73819,95.75,NaN,NaN,NaN,NaN,NaN,NaN,NaN,NaN,NaN
2026-04-19 16:25:27,Fig5,NearFar_transition,robustness_sweep,64,8,64,3,10,r_max_over_rRD,0.1,exact_USW,400,21.2625,CL-KL,R_hat,-4.17242,2.92311,6.5799,1.03787,67.75,NaN,106.037,38,0.0943146,NaN,NaN,NaN,NaN,NaN
2026-04-19 16:25:27,Fig5,NearFar_transition,robustness_sweep,64,8,64,3,10,r_max_over_rRD,0.1,exact_USW,400,21.2625,P-SOMP,R_hat,-4.33223,2.92285,6.08807,0.388927,26.75,NaN,NaN,NaN,NaN,NaN,NaN,NaN,NaN,NaN
2026-04-19 16:25:27,Fig5,NearFar_transition,robustness_sweep,64,8,64,3,10,r_max_over_rRD,0.1,exact_USW,400,21.2625,DL-OMP,X,-4.00222,3.62463,4.78788,0.263286,20.5,NaN,NaN,NaN,NaN,NaN,NaN,NaN,NaN,NaN
2026-04-19 16:25:27,Fig5,NearFar_transition,robustness_sweep,64,8,64,3,10,r_max_over_rRD,0.1,exact_USW,400,21.2625,DFrFT-NOMP,X,0.911645,1.61758,9.33363,0.40684,33.5,NaN,NaN,NaN,NaN,NaN,NaN,NaN,NaN,NaN
2026-04-19 16:25:27,Fig5,NearFar_transition,robustness_sweep,64,8,64,3,10,r_max_over_rRD,0.1,exact_USW,400,21.2625,BF-SOMP,X,-2.09094,2.33644,8.75062,0.425126,46.5,NaN,NaN,NaN,NaN,NaN,NaN,NaN,NaN,NaN
2026-04-19 16:25:37,Fig5,NearFar_transition,robustness_sweep,64,8,64,3,10,r_max_over_rRD,0.2,exact_USW,400,21.2625,CL-KL,R_hat,-4.17738,2.77918,6.89976,2.41895,80.5,NaN,110.81,36.75,0.0952689,NaN,NaN,NaN,NaN,NaN
2026-04-19 16:25:37,Fig5,NearFar_transition,robustness_sweep,64,8,64,3,10,r_max_over_rRD,0.2,exact_USW,400,21.2625,P-SOMP,R_hat,-4.04146,3.06146,7.31187,1.11197,67.5,NaN,NaN,NaN,NaN,NaN,NaN,NaN,NaN,NaN
2026-04-19 16:25:37,Fig5,NearFar_transition,robustness_sweep,64,8,64,3,10,r_max_over_rRD,0.2,exact_USW,400,21.2625,DL-OMP,X,-4.48661,3.54907,4.79432,0.749538,36.5,NaN,NaN,NaN,NaN,NaN,NaN,NaN,NaN,NaN
2026-04-19 16:25:37,Fig5,NearFar_transition,robustness_sweep,64,8,64,3,10,r_max_over_rRD,0.2,exact_USW,400,21.2625,DFrFT-NOMP,X,0.990936,1.3897,10.2172,1.15973,76.25,NaN,NaN,NaN,NaN,NaN,NaN,NaN,NaN,NaN
2026-04-19 16:25:37,Fig5,NearFar_transition,robustness_sweep,64,8,64,3,10,r_max_over_rRD,0.2,exact_USW,400,21.2625,BF-SOMP,X,-1.71899,2.20852,9.84142,1.18262,74.25,NaN,NaN,NaN,NaN,NaN,NaN,NaN,NaN,NaN
2026-04-19 16:25:48,Fig5,NearFar_transition,robustness_sweep,64,8,64,3,10,r_max_over_rRD,0.3,exact_USW,400,21.2625,CL-KL,R_hat,-4.77383,3.01821,6.8299,3.83451,82.25,NaN,119.09,27.5,0.0949401,NaN,NaN,NaN,NaN,NaN
2026-04-19 16:25:48,Fig5,NearFar_transition,robustness_sweep,64,8,64,3,10,r_max_over_rRD,0.3,exact_USW,400,21.2625,P-SOMP,R_hat,-4.08781,2.94591,7.47926,1.77261,76,NaN,NaN,NaN,NaN,NaN,NaN,NaN,NaN,NaN
2026-04-19 16:25:48,Fig5,NearFar_transition,robustness_sweep,64,8,64,3,10,r_max_over_rRD,0.3,exact_USW,400,21.2625,DL-OMP,X,-4.57985,3.79632,4.57555,1.20854,37,NaN,NaN,NaN,NaN,NaN,NaN,NaN,NaN,NaN
2026-04-19 16:25:48,Fig5,NearFar_transition,robustness_sweep,64,8,64,3,10,r_max_over_rRD,0.3,exact_USW,400,21.2625,DFrFT-NOMP,X,0.815874,1.36997,10.5737,1.97769,86.75,NaN,NaN,NaN,NaN,NaN,NaN,NaN,NaN,NaN
2026-04-19 16:25:48,Fig5,NearFar_transition,robustness_sweep,64,8,64,3,10,r_max_over_rRD,0.3,exact_USW,400,21.2625,BF-SOMP,X,-1.85938,2.3991,9.60218,1.91009,84.75,NaN,NaN,NaN,NaN,NaN,NaN,NaN,NaN,NaN
2026-04-19 16:25:58,Fig5,NearFar_transition,robustness_sweep,64,8,64,3,10,r_max_over_rRD,0.5,exact_USW,400,21.2625,CL-KL,R_hat,-4.84809,3.01465,6.77748,7.27142,92,NaN,117.192,29,0.0944253,NaN,NaN,NaN,NaN,NaN
2026-04-19 16:25:58,Fig5,NearFar_transition,robustness_sweep,64,8,64,3,10,r_max_over_rRD,0.5,exact_USW,400,21.2625,P-SOMP,R_hat,-3.95169,3.00113,7.12246,3.39393,82.75,NaN,NaN,NaN,NaN,NaN,NaN,NaN,NaN,NaN
2026-04-19 16:25:58,Fig5,NearFar_transition,robustness_sweep,64,8,64,3,10,r_max_over_rRD,0.5,exact_USW,400,21.2625,DL-OMP,X,-4.52559,3.73641,4.68979,2.15038,48,NaN,NaN,NaN,NaN,NaN,NaN,NaN,NaN,NaN
2026-04-19 16:25:58,Fig5,NearFar_transition,robustness_sweep,64,8,64,3,10,r_max_over_rRD,0.5,exact_USW,400,21.2625,DFrFT-NOMP,X,1.01879,1.13955,10.5796,3.48737,92.25,NaN,NaN,NaN,NaN,NaN,NaN,NaN,NaN,NaN
2026-04-19 16:25:58,Fig5,NearFar_transition,robustness_sweep,64,8,64,3,10,r_max_over_rRD,0.5,exact_USW,400,21.2625,BF-SOMP,X,-1.8018,2.41279,9.81646,3.47192,88.75,NaN,NaN,NaN,NaN,NaN,NaN,NaN,NaN,NaN
2026-04-19 16:26:08,Fig5,NearFar_transition,robustness_sweep,64,8,64,3,10,r_max_over_rRD,0.7,exact_USW,400,21.2625,CL-KL,R_hat,-5.16063,3.22569,7.26907,10.7653,93.5,NaN,119.017,27,0.0943507,NaN,NaN,NaN,NaN,NaN
2026-04-19 16:26:08,Fig5,NearFar_transition,robustness_sweep,64,8,64,3,10,r_max_over_rRD,0.7,exact_USW,400,21.2625,P-SOMP,R_hat,-4.01468,3.13207,8.04163,4.78429,89.25,NaN,NaN,NaN,NaN,NaN,NaN,NaN,NaN,NaN
2026-04-19 16:26:08,Fig5,NearFar_transition,robustness_sweep,64,8,64,3,10,r_max_over_rRD,0.7,exact_USW,400,21.2625,DL-OMP,X,-4.85782,3.80904,4.97111,3.25275,49.5,NaN,NaN,NaN,NaN,NaN,NaN,NaN,NaN,NaN
2026-04-19 16:26:08,Fig5,NearFar_transition,robustness_sweep,64,8,64,3,10,r_max_over_rRD,0.7,exact_USW,400,21.2625,DFrFT-NOMP,X,0.921961,1.35148,10.552,5.14978,93.25,NaN,NaN,NaN,NaN,NaN,NaN,NaN,NaN,NaN
2026-04-19 16:26:08,Fig5,NearFar_transition,robustness_sweep,64,8,64,3,10,r_max_over_rRD,0.7,exact_USW,400,21.2625,BF-SOMP,X,-1.80623,2.29375,10.212,5.02345,93.75,NaN,NaN,NaN,NaN,NaN,NaN,NaN,NaN,NaN
2026-04-19 16:26:19,Fig5,NearFar_transition,robustness_sweep,64,8,64,3,10,r_max_over_rRD,1,exact_USW,400,21.2625,CL-KL,R_hat,-4.9785,2.96305,6.84211,16.6496,96.5,NaN,128.153,20.5,0.0947384,NaN,NaN,NaN,NaN,NaN
2026-04-19 16:26:19,Fig5,NearFar_transition,robustness_sweep,64,8,64,3,10,r_max_over_rRD,1,exact_USW,400,21.2625,P-SOMP,R_hat,-3.95261,2.92757,7.56179,7.26656,92.25,NaN,NaN,NaN,NaN,NaN,NaN,NaN,NaN,NaN
2026-04-19 16:26:19,Fig5,NearFar_transition,robustness_sweep,64,8,64,3,10,r_max_over_rRD,1,exact_USW,400,21.2625,DL-OMP,X,-4.59485,3.72376,5.04919,5.19537,56.5,NaN,NaN,NaN,NaN,NaN,NaN,NaN,NaN,NaN
2026-04-19 16:26:19,Fig5,NearFar_transition,robustness_sweep,64,8,64,3,10,r_max_over_rRD,1,exact_USW,400,21.2625,DFrFT-NOMP,X,0.89701,1.25916,10.5982,7.01954,94.75,NaN,NaN,NaN,NaN,NaN,NaN,NaN,NaN,NaN
2026-04-19 16:26:19,Fig5,NearFar_transition,robustness_sweep,64,8,64,3,10,r_max_over_rRD,1,exact_USW,400,21.2625,BF-SOMP,X,-1.75303,2.40636,9.95391,7.37654,95.25,NaN,NaN,NaN,NaN,NaN,NaN,NaN,NaN,NaN
2026-04-19 16:26:30,Fig5,NearFar_transition,robustness_sweep,64,8,64,3,10,r_max_over_rRD,1.5,exact_USW,400,21.2625,CL-KL,R_hat,-5.29978,3.26264,7.19805,26.127,97.75,NaN,133.303,15.75,0.0946268,NaN,NaN,NaN,NaN,NaN
2026-04-19 16:26:30,Fig5,NearFar_transition,robustness_sweep,64,8,64,3,10,r_max_over_rRD,1.5,exact_USW,400,21.2625,P-SOMP,R_hat,-4.26228,3.29386,8.14251,11.046,92.75,NaN,NaN,NaN,NaN,NaN,NaN,NaN,NaN,NaN
2026-04-19 16:26:30,Fig5,NearFar_transition,robustness_sweep,64,8,64,3,10,r_max_over_rRD,1.5,exact_USW,400,21.2625,DL-OMP,X,-4.88134,3.72852,4.67556,7.42536,53.75,NaN,NaN,NaN,NaN,NaN,NaN,NaN,NaN,NaN
2026-04-19 16:26:30,Fig5,NearFar_transition,robustness_sweep,64,8,64,3,10,r_max_over_rRD,1.5,exact_USW,400,21.2625,DFrFT-NOMP,X,0.983969,1.37377,10.5248,11.6257,97,NaN,NaN,NaN,NaN,NaN,NaN,NaN,NaN,NaN
2026-04-19 16:26:30,Fig5,NearFar_transition,robustness_sweep,64,8,64,3,10,r_max_over_rRD,1.5,exact_USW,400,21.2625,BF-SOMP,X,-1.92104,2.37579,10.0082,11.7085,96,NaN,NaN,NaN,NaN,NaN,NaN,NaN,NaN,NaN
2026-04-19 16:26:41,Fig5,NearFar_transition,robustness_sweep,64,8,64,3,10,r_max_over_rRD,2,exact_USW,400,21.2625,CL-KL,R_hat,-5.48456,3.07377,6.79644,36.7315,99.25,NaN,131.195,17.75,0.0941736,NaN,NaN,NaN,NaN,NaN
2026-04-19 16:26:41,Fig5,NearFar_transition,robustness_sweep,64,8,64,3,10,r_max_over_rRD,2,exact_USW,400,21.2625,P-SOMP,R_hat,-4.26052,3.2278,8.03968,15.0559,92,NaN,NaN,NaN,NaN,NaN,NaN,NaN,NaN,NaN
2026-04-19 16:26:41,Fig5,NearFar_transition,robustness_sweep,64,8,64,3,10,r_max_over_rRD,2,exact_USW,400,21.2625,DL-OMP,X,-4.94227,3.72048,4.93294,10.98,61.5,NaN,NaN,NaN,NaN,NaN,NaN,NaN,NaN,NaN
2026-04-19 16:26:41,Fig5,NearFar_transition,robustness_sweep,64,8,64,3,10,r_max_over_rRD,2,exact_USW,400,21.2625,DFrFT-NOMP,X,0.999011,1.38824,10.5292,15.0267,96.75,NaN,NaN,NaN,NaN,NaN,NaN,NaN,NaN,NaN
2026-04-19 16:26:41,Fig5,NearFar_transition,robustness_sweep,64,8,64,3,10,r_max_over_rRD,2,exact_USW,400,21.2625,BF-SOMP,X,-1.84382,2.40345,10.0937,15.8624,96.5,NaN,NaN,NaN,NaN,NaN,NaN,NaN,NaN,NaN
2026-04-19 16:26:52,Fig5,NearFar_transition,robustness_sweep,64,8,64,3,10,r_max_over_rRD,3,exact_USW,400,21.2625,CL-KL,R_hat,-5.50527,3.13522,7.07991,57.1125,99.75,NaN,134.17,14,0.0942335,NaN,NaN,NaN,NaN,NaN
2026-04-19 16:26:52,Fig5,NearFar_transition,robustness_sweep,64,8,64,3,10,r_max_over_rRD,3,exact_USW,400,21.2625,P-SOMP,R_hat,-4.40167,3.23485,7.88607,23.4972,94.5,NaN,NaN,NaN,NaN,NaN,NaN,NaN,NaN,NaN
2026-04-19 16:26:52,Fig5,NearFar_transition,robustness_sweep,64,8,64,3,10,r_max_over_rRD,3,exact_USW,400,21.2625,DL-OMP,X,-5.06228,3.88276,4.94308,17.6198,64.75,NaN,NaN,NaN,NaN,NaN,NaN,NaN,NaN,NaN
2026-04-19 16:26:52,Fig5,NearFar_transition,robustness_sweep,64,8,64,3,10,r_max_over_rRD,3,exact_USW,400,21.2625,DFrFT-NOMP,X,1.02166,1.28483,10.7584,22.9812,98,NaN,NaN,NaN,NaN,NaN,NaN,NaN,NaN,NaN
2026-04-19 16:26:52,Fig5,NearFar_transition,robustness_sweep,64,8,64,3,10,r_max_over_rRD,3,exact_USW,400,21.2625,BF-SOMP,X,-1.92882,2.68005,9.90786,24.5723,96.75,NaN,NaN,NaN,NaN,NaN,NaN,NaN,NaN,NaN
2026-04-19 16:27:03,Fig5,NearFar_transition,robustness_sweep,64,8,64,3,10,r_max_over_rRD,5,exact_USW,400,21.2625,CL-KL,R_hat,-5.1886,3.03291,7.018,96.7407,99,NaN,133.982,15.25,0.0941815,NaN,NaN,NaN,NaN,NaN
2026-04-19 16:27:03,Fig5,NearFar_transition,robustness_sweep,64,8,64,3,10,r_max_over_rRD,5,exact_USW,400,21.2625,P-SOMP,R_hat,-4.1315,3.28435,8.4469,39.8275,98,NaN,NaN,NaN,NaN,NaN,NaN,NaN,NaN,NaN
2026-04-19 16:27:03,Fig5,NearFar_transition,robustness_sweep,64,8,64,3,10,r_max_over_rRD,5,exact_USW,400,21.2625,DL-OMP,X,-4.93083,3.45362,4.97052,34.6158,75.5,NaN,NaN,NaN,NaN,NaN,NaN,NaN,NaN,NaN
2026-04-19 16:27:03,Fig5,NearFar_transition,robustness_sweep,64,8,64,3,10,r_max_over_rRD,5,exact_USW,400,21.2625,DFrFT-NOMP,X,0.895811,1.35483,10.5844,38.2637,95.75,NaN,NaN,NaN,NaN,NaN,NaN,NaN,NaN,NaN
2026-04-19 16:27:03,Fig5,NearFar_transition,robustness_sweep,64,8,64,3,10,r_max_over_rRD,5,exact_USW,400,21.2625,BF-SOMP,X,-1.90877,2.5364,9.89521,41.3729,97.75,NaN,NaN,NaN,NaN,NaN,NaN,NaN,NaN,NaN
2026-04-19 16:27:08,Fig6,Runtime_vs_M,scaling,32,8,64,3,10,M,32,exact_USW,50,5.14821,CL-KL,R_hat,-5.51311,NaN,7.73231,3.6415,94,0.0545311,87.52,58,0.0933054,NaN,NaN,NaN,NaN,NaN
2026-04-19 16:27:08,Fig6,Runtime_vs_M,scaling,32,8,64,3,10,M,32,exact_USW,50,5.14821,P-SOMP,R_hat,-4.81671,NaN,9.11502,1.60318,92,0.00377429,NaN,NaN,NaN,NaN,NaN,NaN,NaN,NaN
2026-04-19 16:27:08,Fig6,Runtime_vs_M,scaling,32,8,64,3,10,M,32,exact_USW,50,5.14821,DL-OMP,X,-5.78011,NaN,3.74774,1.14208,48,0.00134251,NaN,NaN,NaN,NaN,NaN,NaN,NaN,NaN
2026-04-19 16:27:08,Fig6,Runtime_vs_M,scaling,32,8,64,3,10,M,32,exact_USW,50,5.14821,DFrFT-NOMP,X,-0.00523924,NaN,11.2728,2.14607,100,0.00161581,NaN,NaN,NaN,NaN,NaN,NaN,NaN,NaN
2026-04-19 16:27:08,Fig6,Runtime_vs_M,scaling,32,8,64,3,10,M,32,exact_USW,50,5.14821,BF-SOMP,X,-3.60477,NaN,10.2224,1.8537,96,0.00391454,NaN,NaN,NaN,NaN,NaN,NaN,NaN,NaN
2026-04-19 16:27:12,Fig6,Runtime_vs_M,scaling,64,8,64,3,10,M,64,exact_USW,50,21.2625,CL-KL,R_hat,-4.7886,NaN,7.36684,16.972,96,0.0690444,130.88,18,0.0941541,NaN,NaN,NaN,NaN,NaN
2026-04-19 16:27:12,Fig6,Runtime_vs_M,scaling,64,8,64,3,10,M,64,exact_USW,50,21.2625,P-SOMP,R_hat,-3.40889,NaN,7.95209,7.04976,90,0.00444107,NaN,NaN,NaN,NaN,NaN,NaN,NaN,NaN
2026-04-19 16:27:12,Fig6,Runtime_vs_M,scaling,64,8,64,3,10,M,64,exact_USW,50,21.2625,DL-OMP,X,-4.94018,NaN,5.37969,4.4108,48,0.00147751,NaN,NaN,NaN,NaN,NaN,NaN,NaN,NaN
2026-04-19 16:27:12,Fig6,Runtime_vs_M,scaling,64,8,64,3,10,M,64,exact_USW,50,21.2625,DFrFT-NOMP,X,0.755119,NaN,9.94096,7.52482,96,0.00274877,NaN,NaN,NaN,NaN,NaN,NaN,NaN,NaN
2026-04-19 16:27:12,Fig6,Runtime_vs_M,scaling,64,8,64,3,10,M,64,exact_USW,50,21.2625,BF-SOMP,X,-1.96657,NaN,9.79551,6.89666,94,0.00491413,NaN,NaN,NaN,NaN,NaN,NaN,NaN,NaN
2026-04-19 16:27:17,Fig6,Runtime_vs_M,scaling,128,8,64,3,10,M,128,exact_USW,50,86.4054,CL-KL,R_hat,-3.46321,NaN,8.33622,71.5913,98,0.0720056,133.62,18,0.0953625,NaN,NaN,NaN,NaN,NaN
2026-04-19 16:27:17,Fig6,Runtime_vs_M,scaling,128,8,64,3,10,M,128,exact_USW,50,86.4054,P-SOMP,R_hat,-2.67754,NaN,8.76415,30.4606,98,0.00680467,NaN,NaN,NaN,NaN,NaN,NaN,NaN,NaN
2026-04-19 16:27:17,Fig6,Runtime_vs_M,scaling,128,8,64,3,10,M,128,exact_USW,50,86.4054,DL-OMP,X,-3.7949,NaN,5.71335,19.6012,52,0.00278162,NaN,NaN,NaN,NaN,NaN,NaN,NaN,NaN
2026-04-19 16:27:17,Fig6,Runtime_vs_M,scaling,128,8,64,3,10,M,128,exact_USW,50,86.4054,DFrFT-NOMP,X,1.63375,NaN,10.9324,29.2855,94,0.00742433,NaN,NaN,NaN,NaN,NaN,NaN,NaN,NaN
2026-04-19 16:27:17,Fig6,Runtime_vs_M,scaling,128,8,64,3,10,M,128,exact_USW,50,86.4054,BF-SOMP,X,-0.78269,NaN,9.68705,31.4563,98,0.00774597,NaN,NaN,NaN,NaN,NaN,NaN,NaN,NaN
2026-04-19 16:27:23,Fig6,Runtime_vs_M,scaling,256,8,64,3,10,M,256,exact_USW,50,348.348,CL-KL,R_hat,-3.2744,NaN,7.90351,273.355,100,0.0767812,128.64,22,0.0952765,NaN,NaN,NaN,NaN,NaN
2026-04-19 16:27:23,Fig6,Runtime_vs_M,scaling,256,8,64,3,10,M,256,exact_USW,50,348.348,P-SOMP,R_hat,-1.99066,NaN,6.99356,121.742,92,0.0108955,NaN,NaN,NaN,NaN,NaN,NaN,NaN,NaN
2026-04-19 16:27:23,Fig6,Runtime_vs_M,scaling,256,8,64,3,10,M,256,exact_USW,50,348.348,DL-OMP,X,-3.08663,NaN,6.56276,97.3109,58,0.00714847,NaN,NaN,NaN,NaN,NaN,NaN,NaN,NaN
2026-04-19 16:27:23,Fig6,Runtime_vs_M,scaling,256,8,64,3,10,M,256,exact_USW,50,348.348,DFrFT-NOMP,X,2.19293,NaN,9.69968,123.26,98,0.0142172,NaN,NaN,NaN,NaN,NaN,NaN,NaN,NaN
2026-04-19 16:27:23,Fig6,Runtime_vs_M,scaling,256,8,64,3,10,M,256,exact_USW,50,348.348,BF-SOMP,X,-0.308729,NaN,11.2593,127.171,98,0.0139043,NaN,NaN,NaN,NaN,NaN,NaN,NaN,NaN
2026-04-19 16:28:21,Fig8,NMSE_vs_d,vard_sweep,64,8,64,1,10,d,1,exact_USW,400,21.2625,CL-KL,R_hat,-10.068,4.64238,0.966421,14.6154,71.25,NaN,147.577,2.75,0.0988501,0.0153265,2.28026,0.00486677,0.650269,NaN
2026-04-19 16:28:21,Fig8,NMSE_vs_d,vard_sweep,64,8,64,1,10,d,1,exact_USW,400,21.2625,P-SOMP,R_hat,-9.88658,5.49711,1.49584,7.38934,51.5,NaN,NaN,NaN,NaN,NaN,NaN,NaN,NaN,NaN
2026-04-19 16:28:21,Fig8,NMSE_vs_d,vard_sweep,64,8,64,1,10,d,1,exact_USW,400,21.2625,DL-OMP,X,-17.665,1.85473,0.0379234,1.29826,0.25,NaN,NaN,NaN,NaN,NaN,NaN,NaN,NaN,NaN
2026-04-19 16:28:21,Fig8,NMSE_vs_d,vard_sweep,64,8,64,1,10,d,1,exact_USW,400,21.2625,MUSIC+Tri,X,-7.6441,5.0248,0.887132,1.10651,0.5,NaN,NaN,NaN,NaN,NaN,NaN,NaN,NaN,NaN
2026-04-19 16:28:21,Fig8,NMSE_vs_d,vard_sweep,64,8,64,1,10,d,1,exact_USW,400,21.2625,DFrFT-NOMP,X,0.0950377,1.56197,9.26131,7.82052,67.5,NaN,NaN,NaN,NaN,NaN,NaN,NaN,NaN,NaN
2026-04-19 16:28:21,Fig8,NMSE_vs_d,vard_sweep,64,8,64,1,10,d,1,exact_USW,400,21.2625,BF-SOMP,X,-8.44563,6.18263,2.5688,7.90526,56.75,NaN,NaN,NaN,NaN,NaN,NaN,NaN,NaN,NaN
2026-04-19 16:28:21,Fig8,NMSE_vs_d,vard_sweep,64,8,64,1,10,d,1,exact_USW,400,21.2625,BF-SOMP (adpt),X,-8.44563,6.18263,2.5688,7.90526,56.75,NaN,NaN,NaN,NaN,NaN,NaN,NaN,NaN,NaN
2026-04-19 16:28:33,Fig8,NMSE_vs_d,vard_sweep,64,8,64,2,10,d,2,exact_USW,400,21.2625,CL-KL,R_hat,-6.73577,3.8514,5.31093,16.6269,92.25,NaN,142.197,8,0.0964672,0.0299741,3.08617,0.00833538,0.809115,NaN
2026-04-19 16:28:33,Fig8,NMSE_vs_d,vard_sweep,64,8,64,2,10,d,2,exact_USW,400,21.2625,P-SOMP,R_hat,-6.15687,4.12183,5.4323,7.38183,78,NaN,NaN,NaN,NaN,NaN,NaN,NaN,NaN,NaN
2026-04-19 16:28:33,Fig8,NMSE_vs_d,vard_sweep,64,8,64,2,10,d,2,exact_USW,400,21.2625,DL-OMP,X,-10.9246,5.00098,1.01614,3.14017,19.25,NaN,NaN,NaN,NaN,NaN,NaN,NaN,NaN,NaN
2026-04-19 16:28:33,Fig8,NMSE_vs_d,vard_sweep,64,8,64,2,10,d,2,exact_USW,400,21.2625,MUSIC+Tri,X,-5.83064,3.62901,1.84684,3.18489,17.5,NaN,NaN,NaN,NaN,NaN,NaN,NaN,NaN,NaN
2026-04-19 16:28:33,Fig8,NMSE_vs_d,vard_sweep,64,8,64,2,10,d,2,exact_USW,400,21.2625,DFrFT-NOMP,X,0.400163,1.21086,9.82186,7.77962,88.5,NaN,NaN,NaN,NaN,NaN,NaN,NaN,NaN,NaN
2026-04-19 16:28:33,Fig8,NMSE_vs_d,vard_sweep,64,8,64,2,10,d,2,exact_USW,400,21.2625,BF-SOMP,X,-3.46331,3.87023,8.51678,7.80577,85.5,NaN,NaN,NaN,NaN,NaN,NaN,NaN,NaN,NaN
2026-04-19 16:28:33,Fig8,NMSE_vs_d,vard_sweep,64,8,64,2,10,d,2,exact_USW,400,21.2625,BF-SOMP (adpt),X,-3.46331,3.87023,8.51678,7.80577,85.5,NaN,NaN,NaN,NaN,NaN,NaN,NaN,NaN,NaN
2026-04-19 16:28:44,Fig8,NMSE_vs_d,vard_sweep,64,8,64,3,10,d,3,exact_USW,400,21.2625,CL-KL,R_hat,-5.01645,3.05454,6.9769,16.412,95.75,NaN,128.273,18.75,0.0944402,0.0441018,4.32406,0.0108724,1.25205,NaN
2026-04-19 16:28:44,Fig8,NMSE_vs_d,vard_sweep,64,8,64,3,10,d,3,exact_USW,400,21.2625,P-SOMP,R_hat,-3.91265,3.02456,7.75164,7.46891,88,NaN,NaN,NaN,NaN,NaN,NaN,NaN,NaN,NaN
2026-04-19 16:28:44,Fig8,NMSE_vs_d,vard_sweep,64,8,64,3,10,d,3,exact_USW,400,21.2625,DL-OMP,X,-4.80017,3.56936,5.1148,4.84025,51.75,NaN,NaN,NaN,NaN,NaN,NaN,NaN,NaN,NaN
2026-04-19 16:28:44,Fig8,NMSE_vs_d,vard_sweep,64,8,64,3,10,d,3,exact_USW,400,21.2625,MUSIC+Tri,X,-3.01337,3.17813,5.65084,5.24268,49.5,NaN,NaN,NaN,NaN,NaN,NaN,NaN,NaN,NaN
2026-04-19 16:28:44,Fig8,NMSE_vs_d,vard_sweep,64,8,64,3,10,d,3,exact_USW,400,21.2625,DFrFT-NOMP,X,0.957006,1.27839,10.5937,7.67169,95.5,NaN,NaN,NaN,NaN,NaN,NaN,NaN,NaN,NaN
2026-04-19 16:28:44,Fig8,NMSE_vs_d,vard_sweep,64,8,64,3,10,d,3,exact_USW,400,21.2625,BF-SOMP,X,-1.68181,2.23681,9.97848,7.75959,95.5,NaN,NaN,NaN,NaN,NaN,NaN,NaN,NaN,NaN
2026-04-19 16:28:44,Fig8,NMSE_vs_d,vard_sweep,64,8,64,3,10,d,3,exact_USW,400,21.2625,BF-SOMP (adpt),X,-1.68181,2.23681,9.97848,7.75959,95.5,NaN,NaN,NaN,NaN,NaN,NaN,NaN,NaN,NaN
2026-04-19 16:28:54,Fig8,NMSE_vs_d,vard_sweep,64,8,64,4,10,d,4,exact_USW,400,21.2625,CL-KL,R_hat,-3.45806,2.37903,8.14303,16.3775,99.75,NaN,96.47,46.75,0.0922619,0.0636071,5.05396,0.0144688,1.06331,NaN
2026-04-19 16:28:54,Fig8,NMSE_vs_d,vard_sweep,64,8,64,4,10,d,4,exact_USW,400,21.2625,P-SOMP,R_hat,-2.60761,2.37272,9.18285,6.93694,95.25,NaN,NaN,NaN,NaN,NaN,NaN,NaN,NaN,NaN
2026-04-19 16:28:54,Fig8,NMSE_vs_d,vard_sweep,64,8,64,4,10,d,4,exact_USW,400,21.2625,DL-OMP,X,-2.40615,2.5919,7.84121,5.92802,81.25,NaN,NaN,NaN,NaN,NaN,NaN,NaN,NaN,NaN
2026-04-19 16:28:54,Fig8,NMSE_vs_d,vard_sweep,64,8,64,4,10,d,4,exact_USW,400,21.2625,MUSIC+Tri,X,-1.09305,2.425,8.6254,7.19217,85.25,NaN,NaN,NaN,NaN,NaN,NaN,NaN,NaN,NaN
2026-04-19 16:28:54,Fig8,NMSE_vs_d,vard_sweep,64,8,64,4,10,d,4,exact_USW,400,21.2625,DFrFT-NOMP,X,1.60475,1.37556,10.9191,7.28528,97.25,NaN,NaN,NaN,NaN,NaN,NaN,NaN,NaN,NaN
2026-04-19 16:28:54,Fig8,NMSE_vs_d,vard_sweep,64,8,64,4,10,d,4,exact_USW,400,21.2625,BF-SOMP,X,-0.834728,1.77703,10.5744,7.26098,98,NaN,NaN,NaN,NaN,NaN,NaN,NaN,NaN,NaN
2026-04-19 16:28:54,Fig8,NMSE_vs_d,vard_sweep,64,8,64,4,10,d,4,exact_USW,400,21.2625,BF-SOMP (adpt),X,-0.834728,1.77703,10.5744,7.26098,98,NaN,NaN,NaN,NaN,NaN,NaN,NaN,NaN,NaN
2026-04-19 16:29:04,Fig8,NMSE_vs_d,vard_sweep,64,8,64,5,10,d,5,exact_USW,400,21.2625,CL-KL,R_hat,-2.23045,2.12659,9.00408,16.1818,99.5,NaN,80.4075,59.75,0.0888051,0.0859448,9.69224,0.0184002,2.03011,NaN
2026-04-19 16:29:04,Fig8,NMSE_vs_d,vard_sweep,64,8,64,5,10,d,5,exact_USW,400,21.2625,P-SOMP,R_hat,-1.57929,1.96555,9.48139,6.73532,96.5,NaN,NaN,NaN,NaN,NaN,NaN,NaN,NaN,NaN
2026-04-19 16:29:04,Fig8,NMSE_vs_d,vard_sweep,64,8,64,5,10,d,5,exact_USW,400,21.2625,DL-OMP,X,-1.44789,2.1196,8.27843,5.95007,90,NaN,NaN,NaN,NaN,NaN,NaN,NaN,NaN,NaN
2026-04-19 16:29:04,Fig8,NMSE_vs_d,vard_sweep,64,8,64,5,10,d,5,exact_USW,400,21.2625,MUSIC+Tri,X,0.593746,2.35527,9.65244,7.76534,94.5,NaN,NaN,NaN,NaN,NaN,NaN,NaN,NaN,NaN
2026-04-19 16:29:04,Fig8,NMSE_vs_d,vard_sweep,64,8,64,5,10,d,5,exact_USW,400,21.2625,DFrFT-NOMP,X,2.40615,1.66225,11.2128,6.75256,98.5,NaN,NaN,NaN,NaN,NaN,NaN,NaN,NaN,NaN
2026-04-19 16:29:04,Fig8,NMSE_vs_d,vard_sweep,64,8,64,5,10,d,5,exact_USW,400,21.2625,BF-SOMP,X,-0.225347,1.57973,10.3437,6.98608,98.75,NaN,NaN,NaN,NaN,NaN,NaN,NaN,NaN,NaN
2026-04-19 16:29:04,Fig8,NMSE_vs_d,vard_sweep,64,8,64,5,10,d,5,exact_USW,400,21.2625,BF-SOMP (adpt),X,-0.225347,1.57973,10.3437,6.98608,98.75,NaN,NaN,NaN,NaN,NaN,NaN,NaN,NaN,NaN
2026-04-19 16:29:06,Fig9,CL-KL_convergence,convergence_diagnostic,64,8,64,3,-10,SNR_dB,-10,gaussian,50,21.2625,CL-KL,R_hat,NaN,NaN,NaN,NaN,NaN,NaN,7.72,100,0.822731,NaN,NaN,NaN,NaN,NaN
2026-04-19 16:29:07,Fig9,CL-KL_convergence,convergence_diagnostic,64,8,64,3,0,SNR_dB,0,gaussian,50,21.2625,CL-KL,R_hat,NaN,NaN,NaN,NaN,NaN,NaN,12.02,100,0.904055,NaN,NaN,NaN,NaN,NaN
2026-04-19 16:29:10,Fig9,CL-KL_convergence,convergence_diagnostic,64,8,64,3,10,SNR_dB,10,gaussian,50,21.2625,CL-KL,R_hat,NaN,NaN,NaN,NaN,NaN,NaN,129.9,18,0.945055,NaN,NaN,NaN,NaN,NaN
2026-04-19 16:29:12,Fig9,CL-KL_convergence,convergence_diagnostic,64,8,64,3,20,SNR_dB,20,gaussian,50,21.2625,CL-KL,R_hat,NaN,NaN,NaN,NaN,NaN,NaN,82.86,70,0.950302,NaN,NaN,NaN,NaN,NaN
2026-05-17 13:09:08,Fig7,Robustness_USW_mismatch,mismatch_robustness,64,8,64,3,-15,SNR_dB,-15,exact_USW,400,21.2625,CL-KL,R_hat,10.187,1.0728,11.8201,14.2998,100,NaN,6,100,24.9497,NaN,NaN,NaN,NaN,NaN
2026-05-17 13:09:08,Fig7,Robustness_USW_mismatch,mismatch_robustness,64,8,64,3,-15,SNR_dB,-15,exact_USW,400,21.2625,P-SOMP,R_hat,9.83058,0.678313,11.966,7.82136,96.5,NaN,NaN,NaN,NaN,NaN,NaN,NaN,NaN,NaN
2026-05-17 13:09:08,Fig7,Robustness_USW_mismatch,mismatch_robustness,64,8,64,3,-15,SNR_dB,-15,exact_USW,400,21.2625,DL-OMP,X,12.3364,1.60317,7.33394,8.99874,94.75,NaN,NaN,NaN,NaN,NaN,NaN,NaN,NaN,NaN
2026-05-17 13:09:08,Fig7,Robustness_USW_mismatch,mismatch_robustness,64,8,64,3,-15,SNR_dB,-15,exact_USW,400,21.2625,DFrFT-NOMP,X,11.3275,2.26415,15.214,6.92242,95.75,NaN,NaN,NaN,NaN,NaN,NaN,NaN,NaN,NaN
2026-05-17 13:09:08,Fig7,Robustness_USW_mismatch,mismatch_robustness,64,8,64,3,-15,SNR_dB,-15,exact_USW,400,21.2625,BF-SOMP,X,12.3961,1.20318,15.0893,9.05939,95.75,NaN,NaN,NaN,NaN,NaN,NaN,NaN,NaN,NaN
2026-05-17 13:09:11,Fig7,Robustness_USW_mismatch,mismatch_robustness,64,8,64,3,-10,SNR_dB,-10,exact_USW,400,21.2625,CL-KL,R_hat,5.76623,0.823779,11.0939,14.7932,99.25,NaN,7.3875,100,8.23595,NaN,NaN,NaN,NaN,NaN
2026-05-17 13:09:11,Fig7,Robustness_USW_mismatch,mismatch_robustness,64,8,64,3,-10,SNR_dB,-10,exact_USW,400,21.2625,P-SOMP,R_hat,5.69084,0.662481,11.9616,7.84838,97.25,NaN,NaN,NaN,NaN,NaN,NaN,NaN,NaN,NaN
2026-05-17 13:09:11,Fig7,Robustness_USW_mismatch,mismatch_robustness,64,8,64,3,-10,SNR_dB,-10,exact_USW,400,21.2625,DL-OMP,X,7.66792,1.62539,5.68623,7.51848,81,NaN,NaN,NaN,NaN,NaN,NaN,NaN,NaN,NaN
2026-05-17 13:09:11,Fig7,Robustness_USW_mismatch,mismatch_robustness,64,8,64,3,-10,SNR_dB,-10,exact_USW,400,21.2625,DFrFT-NOMP,X,7.4788,1.59278,15.1384,6.88646,96.75,NaN,NaN,NaN,NaN,NaN,NaN,NaN,NaN,NaN
2026-05-17 13:09:11,Fig7,Robustness_USW_mismatch,mismatch_robustness,64,8,64,3,-10,SNR_dB,-10,exact_USW,400,21.2625,BF-SOMP,X,8.07306,1.21395,15.1223,9.15526,96.5,NaN,NaN,NaN,NaN,NaN,NaN,NaN,NaN,NaN
2026-05-17 13:09:13,Fig7,Robustness_USW_mismatch,mismatch_robustness,64,8,64,3,-5,SNR_dB,-5,exact_USW,400,21.2625,CL-KL,R_hat,2.03513,0.959266,10.1093,15.3192,98.75,NaN,9.805,100,2.77698,NaN,NaN,NaN,NaN,NaN
2026-05-17 13:09:13,Fig7,Robustness_USW_mismatch,mismatch_robustness,64,8,64,3,-5,SNR_dB,-5,exact_USW,400,21.2625,P-SOMP,R_hat,2.09566,0.857158,10.9045,7.5178,96.5,NaN,NaN,NaN,NaN,NaN,NaN,NaN,NaN,NaN
2026-05-17 13:09:13,Fig7,Robustness_USW_mismatch,mismatch_robustness,64,8,64,3,-5,SNR_dB,-5,exact_USW,400,21.2625,DL-OMP,X,2.98207,1.62182,5.36787,6.66754,71,NaN,NaN,NaN,NaN,NaN,NaN,NaN,NaN,NaN
2026-05-17 13:09:13,Fig7,Robustness_USW_mismatch,mismatch_robustness,64,8,64,3,-5,SNR_dB,-5,exact_USW,400,21.2625,DFrFT-NOMP,X,4.33832,1.33367,14.1065,7.47442,96.5,NaN,NaN,NaN,NaN,NaN,NaN,NaN,NaN,NaN
2026-05-17 13:09:13,Fig7,Robustness_USW_mismatch,mismatch_robustness,64,8,64,3,-5,SNR_dB,-5,exact_USW,400,21.2625,BF-SOMP,X,4.45985,1.12222,14.237,9.17057,97,NaN,NaN,NaN,NaN,NaN,NaN,NaN,NaN,NaN
2026-05-17 13:09:16,Fig7,Robustness_USW_mismatch,mismatch_robustness,64,8,64,3,0,SNR_dB,0,exact_USW,400,21.2625,CL-KL,R_hat,-1.04813,1.46912,8.55251,16.4846,99,NaN,12.6175,100,0.913967,NaN,NaN,NaN,NaN,NaN
2026-05-17 13:09:16,Fig7,Robustness_USW_mismatch,mismatch_robustness,64,8,64,3,0,SNR_dB,0,exact_USW,400,21.2625,P-SOMP,R_hat,-0.536169,1.38638,9.65536,7.57889,91.75,NaN,NaN,NaN,NaN,NaN,NaN,NaN,NaN,NaN
2026-05-17 13:09:16,Fig7,Robustness_USW_mismatch,mismatch_robustness,64,8,64,3,0,SNR_dB,0,exact_USW,400,21.2625,DL-OMP,X,-0.471511,2.07844,5.05308,5.78908,62,NaN,NaN,NaN,NaN,NaN,NaN,NaN,NaN,NaN
2026-05-17 13:09:16,Fig7,Robustness_USW_mismatch,mismatch_robustness,64,8,64,3,0,SNR_dB,0,exact_USW,400,21.2625,DFrFT-NOMP,X,2.38582,1.0977,12.7373,7.3341,94.25,NaN,NaN,NaN,NaN,NaN,NaN,NaN,NaN,NaN
2026-05-17 13:09:16,Fig7,Robustness_USW_mismatch,mismatch_robustness,64,8,64,3,0,SNR_dB,0,exact_USW,400,21.2625,BF-SOMP,X,0.933234,1.11299,11.4228,7.97512,97.25,NaN,NaN,NaN,NaN,NaN,NaN,NaN,NaN,NaN
2026-05-17 13:09:20,Fig7,Robustness_USW_mismatch,mismatch_robustness,64,8,64,3,5,SNR_dB,5,exact_USW,400,21.2625,CL-KL,R_hat,-3.54312,2.41616,8.2663,16.1003,96.75,NaN,18.22,100,0.295601,NaN,NaN,NaN,NaN,NaN
2026-05-17 13:09:20,Fig7,Robustness_USW_mismatch,mismatch_robustness,64,8,64,3,5,SNR_dB,5,exact_USW,400,21.2625,P-SOMP,R_hat,-2.72507,2.38111,8.71794,7.25726,91.75,NaN,NaN,NaN,NaN,NaN,NaN,NaN,NaN,NaN
2026-05-17 13:09:20,Fig7,Robustness_USW_mismatch,mismatch_robustness,64,8,64,3,5,SNR_dB,5,exact_USW,400,21.2625,DL-OMP,X,-3.38181,2.80793,5.01125,5.16046,56.5,NaN,NaN,NaN,NaN,NaN,NaN,NaN,NaN,NaN
2026-05-17 13:09:20,Fig7,Robustness_USW_mismatch,mismatch_robustness,64,8,64,3,5,SNR_dB,5,exact_USW,400,21.2625,DFrFT-NOMP,X,1.31383,1.21901,11.3007,7.55388,96.25,NaN,NaN,NaN,NaN,NaN,NaN,NaN,NaN,NaN
2026-05-17 13:09:20,Fig7,Robustness_USW_mismatch,mismatch_robustness,64,8,64,3,5,SNR_dB,5,exact_USW,400,21.2625,BF-SOMP,X,-0.697878,1.71728,10.8682,7.63339,95.5,NaN,NaN,NaN,NaN,NaN,NaN,NaN,NaN,NaN
2026-05-17 13:09:31,Fig7,Robustness_USW_mismatch,mismatch_robustness,64,8,64,3,10,SNR_dB,10,exact_USW,400,21.2625,CL-KL,R_hat,-4.9785,2.96305,6.84211,16.6496,96.5,NaN,128.153,20.5,0.0947384,NaN,NaN,NaN,NaN,NaN
2026-05-17 13:09:31,Fig7,Robustness_USW_mismatch,mismatch_robustness,64,8,64,3,10,SNR_dB,10,exact_USW,400,21.2625,P-SOMP,R_hat,-3.95261,2.92757,7.56179,7.26656,92.25,NaN,NaN,NaN,NaN,NaN,NaN,NaN,NaN,NaN
2026-05-17 13:09:31,Fig7,Robustness_USW_mismatch,mismatch_robustness,64,8,64,3,10,SNR_dB,10,exact_USW,400,21.2625,DL-OMP,X,-4.59485,3.72376,5.04919,5.19537,56.5,NaN,NaN,NaN,NaN,NaN,NaN,NaN,NaN,NaN
2026-05-17 13:09:31,Fig7,Robustness_USW_mismatch,mismatch_robustness,64,8,64,3,10,SNR_dB,10,exact_USW,400,21.2625,DFrFT-NOMP,X,0.89701,1.25916,10.5982,7.01954,94.75,NaN,NaN,NaN,NaN,NaN,NaN,NaN,NaN,NaN
2026-05-17 13:09:31,Fig7,Robustness_USW_mismatch,mismatch_robustness,64,8,64,3,10,SNR_dB,10,exact_USW,400,21.2625,BF-SOMP,X,-1.75303,2.40636,9.95391,7.37654,95.25,NaN,NaN,NaN,NaN,NaN,NaN,NaN,NaN,NaN
2026-05-17 13:09:42,Fig7,Robustness_USW_mismatch,mismatch_robustness,64,8,64,3,15,SNR_dB,15,exact_USW,400,21.2625,CL-KL,R_hat,-5.73696,3.81823,7.69859,16.1775,95.75,NaN,138.938,9.75,0.0300734,NaN,NaN,NaN,NaN,NaN
2026-05-17 13:09:42,Fig7,Robustness_USW_mismatch,mismatch_robustness,64,8,64,3,15,SNR_dB,15,exact_USW,400,21.2625,P-SOMP,R_hat,-4.99317,3.77262,7.96169,7.01233,91,NaN,NaN,NaN,NaN,NaN,NaN,NaN,NaN,NaN
2026-05-17 13:09:42,Fig7,Robustness_USW_mismatch,mismatch_robustness,64,8,64,3,15,SNR_dB,15,exact_USW,400,21.2625,DL-OMP,X,-5.73612,4.45501,4.63981,4.51356,48.5,NaN,NaN,NaN,NaN,NaN,NaN,NaN,NaN,NaN
2026-05-17 13:09:42,Fig7,Robustness_USW_mismatch,mismatch_robustness,64,8,64,3,15,SNR_dB,15,exact_USW,400,21.2625,DFrFT-NOMP,X,0.866456,1.30013,10.4058,7.71476,97.25,NaN,NaN,NaN,NaN,NaN,NaN,NaN,NaN,NaN
2026-05-17 13:09:42,Fig7,Robustness_USW_mismatch,mismatch_robustness,64,8,64,3,15,SNR_dB,15,exact_USW,400,21.2625,BF-SOMP,X,-2.64196,3.07596,9.60329,7.52434,94.75,NaN,NaN,NaN,NaN,NaN,NaN,NaN,NaN,NaN
2026-05-17 13:09:49,Fig7,Robustness_USW_mismatch,mismatch_robustness,64,8,64,3,20,SNR_dB,20,exact_USW,400,21.2625,CL-KL,R_hat,-5.07423,4.25511,8.32146,16.8335,96.75,NaN,95.6825,60,0.00947915,NaN,NaN,NaN,NaN,NaN
2026-05-17 13:09:49,Fig7,Robustness_USW_mismatch,mismatch_robustness,64,8,64,3,20,SNR_dB,20,exact_USW,400,21.2625,P-SOMP,R_hat,-5.22652,3.91066,7.49052,7.12081,87.75,NaN,NaN,NaN,NaN,NaN,NaN,NaN,NaN,NaN
2026-05-17 13:09:49,Fig7,Robustness_USW_mismatch,mismatch_robustness,64,8,64,3,20,SNR_dB,20,exact_USW,400,21.2625,DL-OMP,X,-6.00233,4.81045,5.0127,4.56438,52.75,NaN,NaN,NaN,NaN,NaN,NaN,NaN,NaN,NaN
2026-05-17 13:09:49,Fig7,Robustness_USW_mismatch,mismatch_robustness,64,8,64,3,20,SNR_dB,20,exact_USW,400,21.2625,DFrFT-NOMP,X,0.75026,1.50606,10.4714,7.17298,96,NaN,NaN,NaN,NaN,NaN,NaN,NaN,NaN,NaN
2026-05-17 13:09:49,Fig7,Robustness_USW_mismatch,mismatch_robustness,64,8,64,3,20,SNR_dB,20,exact_USW,400,21.2625,BF-SOMP,X,-2.95695,3.41297,9.26149,7.6115,93,NaN,NaN,NaN,NaN,NaN,NaN,NaN,NaN,NaN
2026-05-17 13:12:00,Fig7b,Source_model_robustness,source_robustness_gaussian,64,8,64,3,-15,SNR_dB,-15,gaussian,400,21.2625,CL-KL,R_hat,10.187,1.0728,11.8201,14.2998,100,,6,100,24.9497,,,,,
2026-05-17 13:12:00,Fig7b,Source_model_robustness,source_robustness_gaussian,64,8,64,3,-15,SNR_dB,-15,gaussian,400,21.2625,P-SOMP,R_hat,9.83058,0.678313,11.966,7.82136,96.5,,,,,,,,,
2026-05-17 13:12:00,Fig7b,Source_model_robustness,source_robustness_gaussian,64,8,64,3,-15,SNR_dB,-15,gaussian,400,21.2625,DL-OMP,X,12.3364,1.60317,7.33394,8.99874,94.75,,,,,,,,,
2026-05-17 13:12:00,Fig7b,Source_model_robustness,source_robustness_gaussian,64,8,64,3,-15,SNR_dB,-15,gaussian,400,21.2625,MUSIC+Tri,X,11.0965,2.77444,16.8558,10.8181,99.5,,,,,,,,,
2026-05-17 13:12:00,Fig7b,Source_model_robustness,source_robustness_gaussian,64,8,64,3,-15,SNR_dB,-15,gaussian,400,21.2625,DFrFT-NOMP,X,11.3275,2.26415,15.214,6.92242,95.75,,,,,,,,,
2026-05-17 13:12:00,Fig7b,Source_model_robustness,source_robustness_gaussian,64,8,64,3,-15,SNR_dB,-15,gaussian,400,21.2625,BF-SOMP,X,12.3961,1.20318,15.0893,9.05939,95.75,,,,,,,,,
2026-05-17 13:12:07,Fig7b,Source_model_robustness,source_robustness_gaussian,64,8,64,3,-10,SNR_dB,-10,gaussian,400,21.2625,CL-KL,R_hat,5.76623,0.823779,11.0939,14.7932,99.25,,7.3875,100,8.23595,,,,,
2026-05-17 13:12:07,Fig7b,Source_model_robustness,source_robustness_gaussian,64,8,64,3,-10,SNR_dB,-10,gaussian,400,21.2625,P-SOMP,R_hat,5.69084,0.662481,11.9616,7.84838,97.25,,,,,,,,,
2026-05-17 13:12:07,Fig7b,Source_model_robustness,source_robustness_gaussian,64,8,64,3,-10,SNR_dB,-10,gaussian,400,21.2625,DL-OMP,X,7.66792,1.62539,5.68623,7.51848,81,,,,,,,,,
2026-05-17 13:12:07,Fig7b,Source_model_robustness,source_robustness_gaussian,64,8,64,3,-10,SNR_dB,-10,gaussian,400,21.2625,MUSIC+Tri,X,7.25831,1.99898,13.7176,9.88349,97.75,,,,,,,,,
2026-05-17 13:12:07,Fig7b,Source_model_robustness,source_robustness_gaussian,64,8,64,3,-10,SNR_dB,-10,gaussian,400,21.2625,DFrFT-NOMP,X,7.4788,1.59278,15.1384,6.88646,96.75,,,,,,,,,
2026-05-17 13:12:07,Fig7b,Source_model_robustness,source_robustness_gaussian,64,8,64,3,-10,SNR_dB,-10,gaussian,400,21.2625,BF-SOMP,X,8.07306,1.21395,15.1223,9.15526,96.5,,,,,,,,,
2026-05-17 13:12:15,Fig7b,Source_model_robustness,source_robustness_gaussian,64,8,64,3,-5,SNR_dB,-5,gaussian,400,21.2625,CL-KL,R_hat,2.03513,0.959266,10.1093,15.3192,98.75,,9.805,100,2.77698,,,,,
2026-05-17 13:12:15,Fig7b,Source_model_robustness,source_robustness_gaussian,64,8,64,3,-5,SNR_dB,-5,gaussian,400,21.2625,P-SOMP,R_hat,2.09566,0.857158,10.9045,7.5178,96.5,,,,,,,,,
2026-05-17 13:12:15,Fig7b,Source_model_robustness,source_robustness_gaussian,64,8,64,3,-5,SNR_dB,-5,gaussian,400,21.2625,DL-OMP,X,2.98207,1.62182,5.36787,6.66754,71,,,,,,,,,
2026-05-17 13:12:15,Fig7b,Source_model_robustness,source_robustness_gaussian,64,8,64,3,-5,SNR_dB,-5,gaussian,400,21.2625,MUSIC+Tri,X,3.96735,1.45163,12.9567,8.85666,94.25,,,,,,,,,
2026-05-17 13:12:15,Fig7b,Source_model_robustness,source_robustness_gaussian,64,8,64,3,-5,SNR_dB,-5,gaussian,400,21.2625,DFrFT-NOMP,X,4.33832,1.33367,14.1065,7.47442,96.5,,,,,,,,,
2026-05-17 13:12:15,Fig7b,Source_model_robustness,source_robustness_gaussian,64,8,64,3,-5,SNR_dB,-5,gaussian,400,21.2625,BF-SOMP,X,4.45985,1.12222,14.237,9.17057,97,,,,,,,,,
2026-05-17 13:12:24,Fig7b,Source_model_robustness,source_robustness_gaussian,64,8,64,3,0,SNR_dB,0,gaussian,400,21.2625,CL-KL,R_hat,-1.04813,1.46912,8.55251,16.4846,99,,12.6175,100,0.913967,,,,,
2026-05-17 13:12:24,Fig7b,Source_model_robustness,source_robustness_gaussian,64,8,64,3,0,SNR_dB,0,gaussian,400,21.2625,P-SOMP,R_hat,-0.536169,1.38638,9.65536,7.57889,91.75,,,,,,,,,
2026-05-17 13:12:24,Fig7b,Source_model_robustness,source_robustness_gaussian,64,8,64,3,0,SNR_dB,0,gaussian,400,21.2625,DL-OMP,X,-0.471511,2.07844,5.05308,5.78908,62,,,,,,,,,
2026-05-17 13:12:24,Fig7b,Source_model_robustness,source_robustness_gaussian,64,8,64,3,0,SNR_dB,0,gaussian,400,21.2625,MUSIC+Tri,X,1.24337,1.57479,10.778,8.30495,90,,,,,,,,,
2026-05-17 13:12:24,Fig7b,Source_model_robustness,source_robustness_gaussian,64,8,64,3,0,SNR_dB,0,gaussian,400,21.2625,DFrFT-NOMP,X,2.38582,1.0977,12.7373,7.3341,94.25,,,,,,,,,
2026-05-17 13:12:24,Fig7b,Source_model_robustness,source_robustness_gaussian,64,8,64,3,0,SNR_dB,0,gaussian,400,21.2625,BF-SOMP,X,0.933234,1.11299,11.4228,7.97512,97.25,,,,,,,,,
2026-05-17 13:12:35,Fig7b,Source_model_robustness,source_robustness_gaussian,64,8,64,3,5,SNR_dB,5,gaussian,400,21.2625,CL-KL,R_hat,-3.54312,2.41616,8.2663,16.1003,96.75,,18.22,100,0.295601,,,,,
2026-05-17 13:12:35,Fig7b,Source_model_robustness,source_robustness_gaussian,64,8,64,3,5,SNR_dB,5,gaussian,400,21.2625,P-SOMP,R_hat,-2.72507,2.38111,8.71794,7.25726,91.75,,,,,,,,,
2026-05-17 13:12:35,Fig7b,Source_model_robustness,source_robustness_gaussian,64,8,64,3,5,SNR_dB,5,gaussian,400,21.2625,DL-OMP,X,-3.38181,2.80793,5.01125,5.16046,56.5,,,,,,,,,
2026-05-17 13:12:35,Fig7b,Source_model_robustness,source_robustness_gaussian,64,8,64,3,5,SNR_dB,5,gaussian,400,21.2625,MUSIC+Tri,X,-1.35571,2.38672,7.61311,6.44297,63.5,,,,,,,,,
2026-05-17 13:12:35,Fig7b,Source_model_robustness,source_robustness_gaussian,64,8,64,3,5,SNR_dB,5,gaussian,400,21.2625,DFrFT-NOMP,X,1.31383,1.21901,11.3007,7.55388,96.25,,,,,,,,,
2026-05-17 13:12:35,Fig7b,Source_model_robustness,source_robustness_gaussian,64,8,64,3,5,SNR_dB,5,gaussian,400,21.2625,BF-SOMP,X,-0.697878,1.71728,10.8682,7.63339,95.5,,,,,,,,,
2026-05-17 13:13:07,Fig7b,Source_model_robustness,source_robustness_gaussian,64,8,64,3,10,SNR_dB,10,gaussian,400,21.2625,CL-KL,R_hat,-4.9785,2.96305,6.84211,16.6496,96.5,,128.153,20.5,0.0947384,,,,,
2026-05-17 13:13:07,Fig7b,Source_model_robustness,source_robustness_gaussian,64,8,64,3,10,SNR_dB,10,gaussian,400,21.2625,P-SOMP,R_hat,-3.95261,2.92757,7.56179,7.26656,92.25,,,,,,,,,
2026-05-17 13:13:07,Fig7b,Source_model_robustness,source_robustness_gaussian,64,8,64,3,10,SNR_dB,10,gaussian,400,21.2625,DL-OMP,X,-4.59485,3.72376,5.04919,5.19537,56.5,,,,,,,,,
2026-05-17 13:13:07,Fig7b,Source_model_robustness,source_robustness_gaussian,64,8,64,3,10,SNR_dB,10,gaussian,400,21.2625,MUSIC+Tri,X,-2.8563,2.9839,5.96579,5.04674,50.25,,,,,,,,,
2026-05-17 13:13:07,Fig7b,Source_model_robustness,source_robustness_gaussian,64,8,64,3,10,SNR_dB,10,gaussian,400,21.2625,DFrFT-NOMP,X,0.89701,1.25916,10.5982,7.01954,94.75,,,,,,,,,
2026-05-17 13:13:07,Fig7b,Source_model_robustness,source_robustness_gaussian,64,8,64,3,10,SNR_dB,10,gaussian,400,21.2625,BF-SOMP,X,-1.75303,2.40636,9.95391,7.37654,95.25,,,,,,,,,
2026-05-17 13:13:41,Fig7b,Source_model_robustness,source_robustness_gaussian,64,8,64,3,15,SNR_dB,15,gaussian,400,21.2625,CL-KL,R_hat,-5.73696,3.81823,7.69859,16.1775,95.75,,138.938,9.75,0.0300734,,,,,
2026-05-17 13:13:41,Fig7b,Source_model_robustness,source_robustness_gaussian,64,8,64,3,15,SNR_dB,15,gaussian,400,21.2625,P-SOMP,R_hat,-4.99317,3.77262,7.96169,7.01233,91,,,,,,,,,
2026-05-17 13:13:41,Fig7b,Source_model_robustness,source_robustness_gaussian,64,8,64,3,15,SNR_dB,15,gaussian,400,21.2625,DL-OMP,X,-5.73612,4.45501,4.63981,4.51356,48.5,,,,,,,,,
2026-05-17 13:13:41,Fig7b,Source_model_robustness,source_robustness_gaussian,64,8,64,3,15,SNR_dB,15,gaussian,400,21.2625,MUSIC+Tri,X,-4.54576,3.56033,4.21562,4.06583,37.5,,,,,,,,,
2026-05-17 13:13:41,Fig7b,Source_model_robustness,source_robustness_gaussian,64,8,64,3,15,SNR_dB,15,gaussian,400,21.2625,DFrFT-NOMP,X,0.866456,1.30013,10.4058,7.71476,97.25,,,,,,,,,
2026-05-17 13:13:41,Fig7b,Source_model_robustness,source_robustness_gaussian,64,8,64,3,15,SNR_dB,15,gaussian,400,21.2625,BF-SOMP,X,-2.64196,3.07596,9.60329,7.52434,94.75,,,,,,,,,
2026-05-17 13:14:01,Fig7b,Source_model_robustness,source_robustness_gaussian,64,8,64,3,20,SNR_dB,20,gaussian,400,21.2625,CL-KL,R_hat,-5.07423,4.25511,8.32146,16.8335,96.75,,95.6825,60,0.00947915,,,,,
2026-05-17 13:14:01,Fig7b,Source_model_robustness,source_robustness_gaussian,64,8,64,3,20,SNR_dB,20,gaussian,400,21.2625,P-SOMP,R_hat,-5.22652,3.91066,7.49052,7.12081,87.75,,,,,,,,,
2026-05-17 13:14:01,Fig7b,Source_model_robustness,source_robustness_gaussian,64,8,64,3,20,SNR_dB,20,gaussian,400,21.2625,DL-OMP,X,-6.00233,4.81045,5.0127,4.56438,52.75,,,,,,,,,
2026-05-17 13:14:01,Fig7b,Source_model_robustness,source_robustness_gaussian,64,8,64,3,20,SNR_dB,20,gaussian,400,21.2625,MUSIC+Tri,X,-5.11286,3.90091,3.58356,3.14575,31,,,,,,,,,
2026-05-17 13:14:01,Fig7b,Source_model_robustness,source_robustness_gaussian,64,8,64,3,20,SNR_dB,20,gaussian,400,21.2625,DFrFT-NOMP,X,0.75026,1.50606,10.4714,7.17298,96,,,,,,,,,
2026-05-17 13:14:01,Fig7b,Source_model_robustness,source_robustness_gaussian,64,8,64,3,20,SNR_dB,20,gaussian,400,21.2625,BF-SOMP,X,-2.95695,3.41297,9.26149,7.6115,93,,,,,,,,,
2026-05-17 13:14:08,Fig7b,Source_model_robustness,source_robustness_qpsk,64,8,64,3,-15,SNR_dB,-15,qpsk,400,21.2625,CL-KL,R_hat,10.0955,1.12225,11.3892,15.213,99.5,,6,100,25.0539,,,,,
2026-05-17 13:14:08,Fig7b,Source_model_robustness,source_robustness_qpsk,64,8,64,3,-15,SNR_dB,-15,qpsk,400,21.2625,P-SOMP,R_hat,9.89185,0.615678,11.612,8.18436,96.75,,,,,,,,,
2026-05-17 13:14:08,Fig7b,Source_model_robustness,source_robustness_qpsk,64,8,64,3,-15,SNR_dB,-15,qpsk,400,21.2625,DL-OMP,X,12.2433,1.53669,7.09753,9.12754,94.25,,,,,,,,,
2026-05-17 13:14:08,Fig7b,Source_model_robustness,source_robustness_qpsk,64,8,64,3,-15,SNR_dB,-15,qpsk,400,21.2625,MUSIC+Tri,X,11.0167,2.8679,16.7615,11.2096,99,,,,,,,,,
2026-05-17 13:14:08,Fig7b,Source_model_robustness,source_robustness_qpsk,64,8,64,3,-15,SNR_dB,-15,qpsk,400,21.2625,DFrFT-NOMP,X,11.462,2.10087,15.8409,7.38917,97.75,,,,,,,,,
2026-05-17 13:14:08,Fig7b,Source_model_robustness,source_robustness_qpsk,64,8,64,3,-15,SNR_dB,-15,qpsk,400,21.2625,BF-SOMP,X,12.5121,1.23295,14.9385,9.50668,97,,,,,,,,,
2026-05-17 13:14:15,Fig7b,Source_model_robustness,source_robustness_qpsk,64,8,64,3,-10,SNR_dB,-10,qpsk,400,21.2625,CL-KL,R_hat,5.76718,0.774195,10.787,14.6849,99.25,,7.5975,100,8.24869,,,,,
2026-05-17 13:14:15,Fig7b,Source_model_robustness,source_robustness_qpsk,64,8,64,3,-10,SNR_dB,-10,qpsk,400,21.2625,P-SOMP,R_hat,5.65158,0.603251,11.4402,8.19495,97,,,,,,,,,
2026-05-17 13:14:15,Fig7b,Source_model_robustness,source_robustness_qpsk,64,8,64,3,-10,SNR_dB,-10,qpsk,400,21.2625,DL-OMP,X,7.37406,1.58842,5.4675,7.89985,79,,,,,,,,,
2026-05-17 13:14:15,Fig7b,Source_model_robustness,source_robustness_qpsk,64,8,64,3,-10,SNR_dB,-10,qpsk,400,21.2625,MUSIC+Tri,X,7.47032,1.88489,14.3315,9.85165,95.25,,,,,,,,,
2026-05-17 13:14:15,Fig7b,Source_model_robustness,source_robustness_qpsk,64,8,64,3,-10,SNR_dB,-10,qpsk,400,21.2625,DFrFT-NOMP,X,7.43411,1.84864,15.5452,7.41163,95.5,,,,,,,,,
2026-05-17 13:14:15,Fig7b,Source_model_robustness,source_robustness_qpsk,64,8,64,3,-10,SNR_dB,-10,qpsk,400,21.2625,BF-SOMP,X,8.07399,1.1191,14.7849,9.393,97.5,,,,,,,,,
2026-05-17 13:14:23,Fig7b,Source_model_robustness,source_robustness_qpsk,64,8,64,3,-5,SNR_dB,-5,qpsk,400,21.2625,CL-KL,R_hat,2.04127,0.96875,10.1519,15.4391,99.25,,9.3475,100,2.77317,,,,,
2026-05-17 13:14:23,Fig7b,Source_model_robustness,source_robustness_qpsk,64,8,64,3,-5,SNR_dB,-5,qpsk,400,21.2625,P-SOMP,R_hat,2.12036,0.779756,10.8987,7.72367,96,,,,,,,,,
2026-05-17 13:14:23,Fig7b,Source_model_robustness,source_robustness_qpsk,64,8,64,3,-5,SNR_dB,-5,qpsk,400,21.2625,DL-OMP,X,3.15751,1.78149,5.26747,6.77084,74.75,,,,,,,,,
2026-05-17 13:14:23,Fig7b,Source_model_robustness,source_robustness_qpsk,64,8,64,3,-5,SNR_dB,-5,qpsk,400,21.2625,MUSIC+Tri,X,3.8099,1.36876,12.2935,9.01864,95.75,,,,,,,,,
2026-05-17 13:14:23,Fig7b,Source_model_robustness,source_robustness_qpsk,64,8,64,3,-5,SNR_dB,-5,qpsk,400,21.2625,DFrFT-NOMP,X,4.47826,1.47322,14.3762,7.33851,98,,,,,,,,,
2026-05-17 13:14:23,Fig7b,Source_model_robustness,source_robustness_qpsk,64,8,64,3,-5,SNR_dB,-5,qpsk,400,21.2625,BF-SOMP,X,4.43172,1.18457,14.1177,9.47282,97,,,,,,,,,
2026-05-17 13:14:32,Fig7b,Source_model_robustness,source_robustness_qpsk,64,8,64,3,0,SNR_dB,0,qpsk,400,21.2625,CL-KL,R_hat,-1.03179,1.51885,9.16865,16.4411,97.75,,12.6875,100,0.91816,,,,,
2026-05-17 13:14:32,Fig7b,Source_model_robustness,source_robustness_qpsk,64,8,64,3,0,SNR_dB,0,qpsk,400,21.2625,P-SOMP,R_hat,-0.545444,1.37639,9.3218,7.78958,93.5,,,,,,,,,
2026-05-17 13:14:32,Fig7b,Source_model_robustness,source_robustness_qpsk,64,8,64,3,0,SNR_dB,0,qpsk,400,21.2625,DL-OMP,X,-0.204079,2.12165,4.73263,6.30847,66.75,,,,,,,,,
2026-05-17 13:14:32,Fig7b,Source_model_robustness,source_robustness_qpsk,64,8,64,3,0,SNR_dB,0,qpsk,400,21.2625,MUSIC+Tri,X,1.24776,1.4909,10.5429,7.80972,88.75,,,,,,,,,
2026-05-17 13:14:32,Fig7b,Source_model_robustness,source_robustness_qpsk,64,8,64,3,0,SNR_dB,0,qpsk,400,21.2625,DFrFT-NOMP,X,2.358,1.15636,12.6625,7.19172,96,,,,,,,,,
2026-05-17 13:14:32,Fig7b,Source_model_robustness,source_robustness_qpsk,64,8,64,3,0,SNR_dB,0,qpsk,400,21.2625,BF-SOMP,X,0.929962,1.19781,11.4402,8.03667,98.25,,,,,,,,,
2026-05-17 13:14:42,Fig7b,Source_model_robustness,source_robustness_qpsk,64,8,64,3,5,SNR_dB,5,qpsk,400,21.2625,CL-KL,R_hat,-3.72229,2.35827,7.44732,16.1006,96.75,,16.7925,100,0.29799,,,,,
2026-05-17 13:14:42,Fig7b,Source_model_robustness,source_robustness_qpsk,64,8,64,3,5,SNR_dB,5,qpsk,400,21.2625,P-SOMP,R_hat,-2.83613,2.43072,7.65631,7.06452,92.5,,,,,,,,,
2026-05-17 13:14:42,Fig7b,Source_model_robustness,source_robustness_qpsk,64,8,64,3,5,SNR_dB,5,qpsk,400,21.2625,DL-OMP,X,-2.73688,3.17153,4.48183,5.94341,61.75,,,,,,,,,
2026-05-17 13:14:42,Fig7b,Source_model_robustness,source_robustness_qpsk,64,8,64,3,5,SNR_dB,5,qpsk,400,21.2625,MUSIC+Tri,X,-1.28956,2.24583,7.22236,6.22994,66,,,,,,,,,
2026-05-17 13:14:42,Fig7b,Source_model_robustness,source_robustness_qpsk,64,8,64,3,5,SNR_dB,5,qpsk,400,21.2625,DFrFT-NOMP,X,1.42211,1.27764,10.5711,7.02756,94,,,,,,,,,
2026-05-17 13:14:42,Fig7b,Source_model_robustness,source_robustness_qpsk,64,8,64,3,5,SNR_dB,5,qpsk,400,21.2625,BF-SOMP,X,-0.791279,1.7776,10.2653,7.4787,95.25,,,,,,,,,
2026-05-17 13:15:13,Fig7b,Source_model_robustness,source_robustness_qpsk,64,8,64,3,10,SNR_dB,10,qpsk,400,21.2625,CL-KL,R_hat,-5.15228,3.1595,7.1682,16.7206,98.25,,126.415,21.25,0.0944078,,,,,
2026-05-17 13:15:13,Fig7b,Source_model_robustness,source_robustness_qpsk,64,8,64,3,10,SNR_dB,10,qpsk,400,21.2625,P-SOMP,R_hat,-4.01028,3.14136,7.70481,7.25308,91,,,,,,,,,
2026-05-17 13:15:13,Fig7b,Source_model_robustness,source_robustness_qpsk,64,8,64,3,10,SNR_dB,10,qpsk,400,21.2625,DL-OMP,X,-4.43083,4.22272,4.55539,5.82465,58,,,,,,,,,
2026-05-17 13:15:13,Fig7b,Source_model_robustness,source_robustness_qpsk,64,8,64,3,10,SNR_dB,10,qpsk,400,21.2625,MUSIC+Tri,X,-3.59502,3.12418,4.84909,4.85058,48.25,,,,,,,,,
2026-05-17 13:15:13,Fig7b,Source_model_robustness,source_robustness_qpsk,64,8,64,3,10,SNR_dB,10,qpsk,400,21.2625,DFrFT-NOMP,X,0.985465,1.24973,10.8582,7.59777,94.25,,,,,,,,,
2026-05-17 13:15:13,Fig7b,Source_model_robustness,source_robustness_qpsk,64,8,64,3,10,SNR_dB,10,qpsk,400,21.2625,BF-SOMP,X,-1.81856,2.3311,9.9225,7.6474,94.75,,,,,,,,,
2026-05-17 13:15:48,Fig7b,Source_model_robustness,source_robustness_qpsk,64,8,64,3,15,SNR_dB,15,qpsk,400,21.2625,CL-KL,R_hat,-5.49553,3.61665,6.98132,15.6907,94,,139.105,11.25,0.0300923,,,,,
2026-05-17 13:15:48,Fig7b,Source_model_robustness,source_robustness_qpsk,64,8,64,3,15,SNR_dB,15,qpsk,400,21.2625,P-SOMP,R_hat,-4.70688,3.65358,7.81326,7.12084,88.5,,,,,,,,,
2026-05-17 13:15:48,Fig7b,Source_model_robustness,source_robustness_qpsk,64,8,64,3,15,SNR_dB,15,qpsk,400,21.2625,DL-OMP,X,-5.39477,4.93329,3.89585,5.57421,55,,,,,,,,,
2026-05-17 13:15:48,Fig7b,Source_model_robustness,source_robustness_qpsk,64,8,64,3,15,SNR_dB,15,qpsk,400,21.2625,MUSIC+Tri,X,-3.89852,3.43901,5.00889,4.30909,43.25,,,,,,,,,
2026-05-17 13:15:48,Fig7b,Source_model_robustness,source_robustness_qpsk,64,8,64,3,15,SNR_dB,15,qpsk,400,21.2625,DFrFT-NOMP,X,0.687204,1.29708,10.7068,7.40934,95,,,,,,,,,
2026-05-17 13:15:48,Fig7b,Source_model_robustness,source_robustness_qpsk,64,8,64,3,15,SNR_dB,15,qpsk,400,21.2625,BF-SOMP,X,-2.34376,2.82485,10.0343,7.59715,95.75,,,,,,,,,
2026-05-17 13:16:07,Fig7b,Source_model_robustness,source_robustness_qpsk,64,8,64,3,20,SNR_dB,20,qpsk,400,21.2625,CL-KL,R_hat,-4.71857,4.23756,8.23967,15.9437,96.75,,92.8475,61.5,0.00957516,,,,,
2026-05-17 13:16:07,Fig7b,Source_model_robustness,source_robustness_qpsk,64,8,64,3,20,SNR_dB,20,qpsk,400,21.2625,P-SOMP,R_hat,-4.97135,3.77143,7.25093,6.94052,88.25,,,,,,,,,
2026-05-17 13:16:07,Fig7b,Source_model_robustness,source_robustness_qpsk,64,8,64,3,20,SNR_dB,20,qpsk,400,21.2625,DL-OMP,X,-5.68648,5.5143,3.95975,5.21758,52.25,,,,,,,,,
2026-05-17 13:16:07,Fig7b,Source_model_robustness,source_robustness_qpsk,64,8,64,3,20,SNR_dB,20,qpsk,400,21.2625,MUSIC+Tri,X,-4.74756,3.683,3.74553,3.37136,32.25,,,,,,,,,
2026-05-17 13:16:07,Fig7b,Source_model_robustness,source_robustness_qpsk,64,8,64,3,20,SNR_dB,20,qpsk,400,21.2625,DFrFT-NOMP,X,0.781667,1.21171,10.8642,7.21575,94.25,,,,,,,,,
2026-05-17 13:16:07,Fig7b,Source_model_robustness,source_robustness_qpsk,64,8,64,3,20,SNR_dB,20,qpsk,400,21.2625,BF-SOMP,X,-2.86699,3.24894,9.21725,7.53692,96,,,,,,,,,
2026-05-18 08:40:38,Fig2,NMSE_vs_SNR,primary,64,8,64,3,-15,SNR_dB,-15,exact_USW,400,21.2625,CL-KL,R_hat,10.187,1.0728,11.8201,14.2998,100,,6,100,24.9497,2.48787,255.929,0.304152,29.9518,
2026-05-18 08:40:38,Fig2,NMSE_vs_SNR,primary,64,8,64,3,-15,SNR_dB,-15,exact_USW,400,21.2625,P-SOMP,R_hat,9.83058,0.678313,11.966,7.82136,96.5,,,,,,,,,
2026-05-18 08:40:38,Fig2,NMSE_vs_SNR,primary,64,8,64,3,-15,SNR_dB,-15,exact_USW,400,21.2625,DL-OMP,X,12.3364,1.60317,7.33394,8.99874,94.75,,,,,,,,,
2026-05-18 08:40:38,Fig2,NMSE_vs_SNR,primary,64,8,64,3,-15,SNR_dB,-15,exact_USW,400,21.2625,MUSIC+Tri,X,11.0965,2.77444,16.8558,10.8181,99.5,,,,,,,,,
2026-05-18 08:40:38,Fig2,NMSE_vs_SNR,primary,64,8,64,3,-15,SNR_dB,-15,exact_USW,400,21.2625,DFrFT-NOMP,X,11.3275,2.26415,15.214,6.92242,95.75,,,,,,,,,
2026-05-18 08:40:38,Fig2,NMSE_vs_SNR,primary,64,8,64,3,-15,SNR_dB,-15,exact_USW,400,21.2625,BF-SOMP,X,12.3961,1.20318,15.0893,9.05939,95.75,,,,,,,,,
2026-05-18 08:40:42,Fig2,NMSE_vs_SNR,primary,64,8,64,3,-10,SNR_dB,-10,exact_USW,400,21.2625,CL-KL,R_hat,5.75808,0.871745,10.999,15.05,99.5,,7.4,100,8.28504,0.858198,85.0249,0.12736,13.4282,
2026-05-18 08:40:42,Fig2,NMSE_vs_SNR,primary,64,8,64,3,-10,SNR_dB,-10,exact_USW,400,21.2625,P-SOMP,R_hat,5.59465,0.678924,11.6926,7.47798,96.25,,,,,,,,,
2026-05-18 08:40:42,Fig2,NMSE_vs_SNR,primary,64,8,64,3,-10,SNR_dB,-10,exact_USW,400,21.2625,DL-OMP,X,7.43666,1.58752,5.54165,7.52367,78.75,,,,,,,,,
2026-05-18 08:40:42,Fig2,NMSE_vs_SNR,primary,64,8,64,3,-10,SNR_dB,-10,exact_USW,400,21.2625,MUSIC+Tri,X,7.50437,1.91378,14.6904,9.92643,97,,,,,,,,,
2026-05-18 08:40:42,Fig2,NMSE_vs_SNR,primary,64,8,64,3,-10,SNR_dB,-10,exact_USW,400,21.2625,DFrFT-NOMP,X,7.48438,1.76159,14.8704,7.43824,96.5,,,,,,,,,
2026-05-18 08:40:42,Fig2,NMSE_vs_SNR,primary,64,8,64,3,-10,SNR_dB,-10,exact_USW,400,21.2625,BF-SOMP,X,8.08445,1.15726,14.6715,9.06764,98,,,,,,,,,
2026-05-18 08:40:46,Fig2,NMSE_vs_SNR,primary,64,8,64,3,-5,SNR_dB,-5,exact_USW,400,21.2625,CL-KL,R_hat,2.05583,0.94822,10.4546,16.2673,99.5,,9.4,100,2.75934,0.333831,32.2971,0.0668466,6.3885,
2026-05-18 08:40:46,Fig2,NMSE_vs_SNR,primary,64,8,64,3,-5,SNR_dB,-5,exact_USW,400,21.2625,P-SOMP,R_hat,2.15255,0.832544,10.1746,7.68213,96.25,,,,,,,,,
2026-05-18 08:40:46,Fig2,NMSE_vs_SNR,primary,64,8,64,3,-5,SNR_dB,-5,exact_USW,400,21.2625,DL-OMP,X,3.0249,1.71042,5.6396,6.68418,70,,,,,,,,,
2026-05-18 08:40:46,Fig2,NMSE_vs_SNR,primary,64,8,64,3,-5,SNR_dB,-5,exact_USW,400,21.2625,MUSIC+Tri,X,3.89951,1.40909,12.4803,9.09475,93.75,,,,,,,,,
2026-05-18 08:40:46,Fig2,NMSE_vs_SNR,primary,64,8,64,3,-5,SNR_dB,-5,exact_USW,400,21.2625,DFrFT-NOMP,X,4.34155,1.48491,13.9487,7.58319,97,,,,,,,,,
2026-05-18 08:40:46,Fig2,NMSE_vs_SNR,primary,64,8,64,3,-5,SNR_dB,-5,exact_USW,400,21.2625,BF-SOMP,X,4.43779,1.08765,14.4576,9.09511,97,,,,,,,,,
2026-05-18 08:40:50,Fig2,NMSE_vs_SNR,primary,64,8,64,3,0,SNR_dB,0,exact_USW,400,21.2625,CL-KL,R_hat,-1.02039,1.56364,9.1279,16.3904,98,,11.7125,100,0.917663,0.154163,14.8641,0.0356774,3.59872,
2026-05-18 08:40:50,Fig2,NMSE_vs_SNR,primary,64,8,64,3,0,SNR_dB,0,exact_USW,400,21.2625,P-SOMP,R_hat,-0.752641,1.503,9.43324,7.36088,96.25,,,,,,,,,
2026-05-18 08:40:50,Fig2,NMSE_vs_SNR,primary,64,8,64,3,0,SNR_dB,0,exact_USW,400,21.2625,DL-OMP,X,-0.642764,1.9176,4.84907,5.47332,57,,,,,,,,,
2026-05-18 08:40:50,Fig2,NMSE_vs_SNR,primary,64,8,64,3,0,SNR_dB,0,exact_USW,400,21.2625,MUSIC+Tri,X,1.22211,1.45805,10.8713,8.63347,90.5,,,,,,,,,
2026-05-18 08:40:50,Fig2,NMSE_vs_SNR,primary,64,8,64,3,0,SNR_dB,0,exact_USW,400,21.2625,DFrFT-NOMP,X,2.52898,1.12173,12.1974,7.63582,95.75,,,,,,,,,
2026-05-18 08:40:50,Fig2,NMSE_vs_SNR,primary,64,8,64,3,0,SNR_dB,0,exact_USW,400,21.2625,BF-SOMP,X,0.841663,1.17221,11.2274,7.8923,95.75,,,,,,,,,
2026-05-18 08:40:54,Fig2,NMSE_vs_SNR,primary,64,8,64,3,5,SNR_dB,5,exact_USW,400,21.2625,CL-KL,R_hat,-3.65321,2.3238,7.9377,16.5527,98.5,,17.5225,100,0.295756,0.0823627,8.02481,0.0201796,1.9702,
2026-05-18 08:40:54,Fig2,NMSE_vs_SNR,primary,64,8,64,3,5,SNR_dB,5,exact_USW,400,21.2625,P-SOMP,R_hat,-2.94022,2.36644,8.66584,7.48331,90.75,,,,,,,,,
2026-05-18 08:40:54,Fig2,NMSE_vs_SNR,primary,64,8,64,3,5,SNR_dB,5,exact_USW,400,21.2625,DL-OMP,X,-3.32722,2.907,4.95329,5.25025,55.5,,,,,,,,,
2026-05-18 08:40:54,Fig2,NMSE_vs_SNR,primary,64,8,64,3,5,SNR_dB,5,exact_USW,400,21.2625,MUSIC+Tri,X,-1.18895,2.35146,7.80944,6.49994,70.75,,,,,,,,,
2026-05-18 08:40:54,Fig2,NMSE_vs_SNR,primary,64,8,64,3,5,SNR_dB,5,exact_USW,400,21.2625,DFrFT-NOMP,X,1.44052,1.25047,11.2478,7.35806,96.25,,,,,,,,,
2026-05-18 08:40:54,Fig2,NMSE_vs_SNR,primary,64,8,64,3,5,SNR_dB,5,exact_USW,400,21.2625,BF-SOMP,X,-0.774916,1.83646,10.2853,7.88214,97.75,,,,,,,,,
2026-05-18 08:41:07,Fig2,NMSE_vs_SNR,primary,64,8,64,3,10,SNR_dB,10,exact_USW,400,21.2625,CL-KL,R_hat,-5.15867,3.16528,6.98316,16.6318,95,,129.95,17.5,0.0947827,0.0433796,4.12445,0.0110484,1.10559,
2026-05-18 08:41:07,Fig2,NMSE_vs_SNR,primary,64,8,64,3,10,SNR_dB,10,exact_USW,400,21.2625,P-SOMP,R_hat,-4.06207,3.03363,7.70732,7.40452,89.75,,,,,,,,,
2026-05-18 08:41:07,Fig2,NMSE_vs_SNR,primary,64,8,64,3,10,SNR_dB,10,exact_USW,400,21.2625,DL-OMP,X,-4.80268,3.68763,4.85237,4.86655,55.5,,,,,,,,,
2026-05-18 08:41:07,Fig2,NMSE_vs_SNR,primary,64,8,64,3,10,SNR_dB,10,exact_USW,400,21.2625,MUSIC+Tri,X,-3.11752,3.01173,5.94946,5.52427,55.75,,,,,,,,,
2026-05-18 08:41:07,Fig2,NMSE_vs_SNR,primary,64,8,64,3,10,SNR_dB,10,exact_USW,400,21.2625,DFrFT-NOMP,X,0.984176,1.24259,11.0616,7.56257,95.25,,,,,,,,,
2026-05-18 08:41:07,Fig2,NMSE_vs_SNR,primary,64,8,64,3,10,SNR_dB,10,exact_USW,400,21.2625,BF-SOMP,X,-2.00931,2.58601,10.0605,7.83196,93.25,,,,,,,,,
2026-05-18 08:41:19,Fig2,NMSE_vs_SNR,primary,64,8,64,3,15,SNR_dB,15,exact_USW,400,21.2625,CL-KL,R_hat,-5.38369,3.57766,7.4231,15.986,96.25,,138.57,11,0.0300633,0.0241599,2.54601,0.00618967,0.681311,
2026-05-18 08:41:19,Fig2,NMSE_vs_SNR,primary,64,8,64,3,15,SNR_dB,15,exact_USW,400,21.2625,P-SOMP,R_hat,-4.41817,3.37303,7.7453,7.28065,90.25,,,,,,,,,
2026-05-18 08:41:19,Fig2,NMSE_vs_SNR,primary,64,8,64,3,15,SNR_dB,15,exact_USW,400,21.2625,DL-OMP,X,-5.79506,4.32065,4.59876,4.46869,50.5,,,,,,,,,
2026-05-18 08:41:19,Fig2,NMSE_vs_SNR,primary,64,8,64,3,15,SNR_dB,15,exact_USW,400,21.2625,MUSIC+Tri,X,-3.95038,3.25885,4.37345,4.25754,42.5,,,,,,,,,
2026-05-18 08:41:19,Fig2,NMSE_vs_SNR,primary,64,8,64,3,15,SNR_dB,15,exact_USW,400,21.2625,DFrFT-NOMP,X,0.828707,1.38112,10.303,7.16529,95,,,,,,,,,
2026-05-18 08:41:19,Fig2,NMSE_vs_SNR,primary,64,8,64,3,15,SNR_dB,15,exact_USW,400,21.2625,BF-SOMP,X,-2.45232,2.85478,9.89345,7.30801,92.5,,,,,,,,,
2026-05-18 08:41:28,Fig2,NMSE_vs_SNR,primary,64,8,64,3,20,SNR_dB,20,exact_USW,400,21.2625,CL-KL,R_hat,-5.12403,4.24469,7.61402,16.0153,96.75,,95.295,58.25,0.00948966,0.0140939,1.34731,0.00353938,0.353637,
2026-05-18 08:41:28,Fig2,NMSE_vs_SNR,primary,64,8,64,3,20,SNR_dB,20,exact_USW,400,21.2625,P-SOMP,R_hat,-5.06533,3.74741,6.77308,7.1425,87.75,,,,,,,,,
2026-05-18 08:41:28,Fig2,NMSE_vs_SNR,primary,64,8,64,3,20,SNR_dB,20,exact_USW,400,21.2625,DL-OMP,X,-5.8904,4.85971,5.02315,4.69714,55.5,,,,,,,,,
2026-05-18 08:41:28,Fig2,NMSE_vs_SNR,primary,64,8,64,3,20,SNR_dB,20,exact_USW,400,21.2625,MUSIC+Tri,X,-4.928,3.78885,3.61236,3.22136,31.5,,,,,,,,,
2026-05-18 08:41:28,Fig2,NMSE_vs_SNR,primary,64,8,64,3,20,SNR_dB,20,exact_USW,400,21.2625,DFrFT-NOMP,X,0.823547,1.28305,10.4961,7.46331,93.75,,,,,,,,,
2026-05-18 08:41:28,Fig2,NMSE_vs_SNR,primary,64,8,64,3,20,SNR_dB,20,exact_USW,400,21.2625,BF-SOMP,X,-2.97725,3.48921,9.18015,7.62957,93.5,,,,,,,,,
